INTERFACE,DIGITAL_INTERFACE_SELECT,0x23000,3,0,0-0,0-0
INTERFACE,I2C_CONFIG,0x23004,11,32,0-1,0-0
INTERFACE,GPHY_IND_WD,0x0,2,0,0-0,0-0
INTERFACE,GPHY_IND_CMD,0x4,4,0,0-0,0-0
INTERFACE,GPHY_IND_RD,0x8,3,0,0-0,0-0
INTERFACE,EFUSE_CHK_CFG,0xC,9,0,0-0,0-0
INTERFACE,EFUSE_CHK_DATA,0x10,2,0,0-0,0-0
INTERFACE,EFUSE_CHK_STATUS,0x14,4,0,0-0,0-0
INTERFACE,EFUSE_IND_WD,0x18,2,0,0-0,0-0
INTERFACE,EFUSE_IND_CMD,0x1C,6,0,0-0,0-0
INTERFACE,EFUSE_IND_RD,0x20,5,0,0-0,0-0
INTERFACE,SC_IND_WD,0x24,2,0,0-0,0-0
INTERFACE,SC_IND_CMD,0x28,4,0,0-0,0-0
INTERFACE,SC_IND_RD,0x2C,3,0,0-0,0-0
INTERFACE,REGCTRL_GLB,0x2300C,5,0,0-0,0-0
INTERFACE,IOPAD_CFG,0x30,24,0,0-0,0-0
INTERFACE,IO_LED_EN,0x23010,21,0,0-0,0-0
INTERFACE,IO_MODE_EN,0x23014,22,0,0-0,0-0
INTERFACE,IO_UART_SEL,0x34,11,0,0-0,0-0
INTERFACE,IO_GPIO_EN,0x38,1,1,0-95,0-0
INTERFACE,CFG_PCSXF,0x44,5,0,0-0,0-0
INTERFACE,CFG_PHY_CTRL,0x48,3,0,0-0,0-0
INTERFACE,CFG_PHY_INI,0x4C,5,0,0-0,0-0
INTERFACE,CFG_POLL_CMD,0x50,9,0,0-0,0-0
INTERFACE,CFG_GETPWRCTRL,0x54,2,0,0-0,0-0
INTERFACE,CFG_HOTCMD1,0x58,2,0,0-0,0-0
INTERFACE,CFG_HOTCMD2_AD,0x5C,2,0,0-0,0-0
INTERFACE,CFG_HOTCMD2_CTRL,0x60,6,0,0-0,0-0
INTERFACE,CFG_POLL_ADR_0,0x64,2,0,0-0,0-0
INTERFACE,CFG_POLL_ADR_1,0x68,2,0,0-0,0-0
INTERFACE,CFG_POLL_INV_0,0x6C,2,0,0-0,0-0
INTERFACE,CFG_POLL_INV_1,0x70,2,0,0-0,0-0
INTERFACE,CFG_POLL_WD_0,0x74,2,0,0-0,0-0
INTERFACE,CFG_POLL_WD_1,0x78,2,0,0-0,0-0
INTERFACE,CFG_POLL_RD_0,0x7C,2,32,0-0,0-4
INTERFACE,CFG_POLL_RD_1,0x90,2,32,0-0,0-4
INTERFACE,CHIP_DEBUG_OUT,0xA4,1,0,0-0,0-0
INTERFACE,EFUSE_BOND_CONTENT,0x23018,1,16,0-0,0-5
INTERFACE,EFUSE_BOND_RSLT,0x23024,1,16,0-0,0-1
INTERFACE,I2C_IND_WD,0xB4,1,32,0-1,0-0
INTERFACE,I2C_IND_ADR,0xBC,1,32,0-1,0-0
INTERFACE,I2C_IND_CMD,0xC4,5,32,0-1,0-0
INTERFACE,I2C_IND_RD,0xCC,1,32,0-1,0-0
INTERFACE,SFP_REG_CTRL0,0xD4,1,0,0-0,0-0
INTERFACE,SFP_REG_CTRL1,0xD8,1,0,0-0,0-0
INTERFACE,SFP_REG_CTRL2,0xDC,1,0,0-0,0-0
INTERFACE,SFP_REG_CTRL3,0xE0,5,0,0-0,0-0
INTERFACE,SFP_REG_CTRL4,0xE4,8,0,0-0,0-0
INTERFACE,SFP_IND_ACCESS,0xE8,6,0,0-0,0-0
INTERFACE,CFG_HOTCMD2_TRG,0xEC,3,32,0-0,0-4
INTERFACE,CFG_RGMII_CTRL_0,0x100,9,0,0-0,0-0
INTERFACE,CFG_EXT_CTRL_0,0x104,12,0,0-0,0-0
INTERFACE,CFG_POLL_MDX_CTRL,0x23028,9,0,0-0,0-0
INTERFACE,CFG_POLL_CTRL_0,0x2302C,15,0,0-0,0-0
INTERFACE,CFG_POLL_CTRL_1,0x23030,1,2,0-0,0-3
INTERFACE,CFG_POLL_MDX_PMSK,0x23034,1,1,0-0,0-3
INTERFACE,CFG_POLL_MDX_ADDR,0x23038,3,32,0-0,0-3
INTERFACE,CFG_POLL_MDX_DBG,0x2304C,4,0,0-0,0-0
INTERFACE,CFG_10GPHY_POLLING_SEL4,0x23050,4,0,0-0,0-0
INTERFACE,CFG_10GPHY_POLLING_SEL3,0x23054,4,0,0-0,0-0
INTERFACE,CFG_10GPHY_POLLING_SEL2,0x23058,4,0,0-0,0-0
INTERFACE,CFG_10GPHY_POLLING_SEL1,0x2305C,3,0,0-0,0-0
INTERFACE,CFG_GPHY_POLLING_SEL,0x23060,2,0,0-0,0-0
INTERFACE,CFG_10GPHY_POLLING_SEL0,0x23064,3,0,0-0,0-0
INTERFACE,CFG_PHY_REG_CHK_CTRL_GPHY,0x23068,6,32,0-0,0-4
INTERFACE,SMI_PHY_REG_CHK_DATA_GPHY,0x2307C,2,32,0-0,0-4
INTERFACE,CFG_PHY_REG_CHK_CTRL_10GPHY,0x23090,5,32,0-0,0-4
INTERFACE,SMI_PHY_REG_CHK_DATA_10GPHY,0x230A4,2,32,0-0,0-4
INTERFACE,SMI_INDRT_ACCESS_CTRL_0,0x230B8,9,0,0-0,0-0
INTERFACE,SMI_INDRT_ACCESS_CTRL_1,0x230BC,2,0,0-0,0-0
INTERFACE,SMI_INDRT_ACCESS_CTRL_2,0x230C0,1,1,0-0,0-3
INTERFACE,SMI_INDRT_ACCESS_CTRL_3,0x230C4,2,0,0-0,0-0
INTERFACE,SMI_INDRT_ACCESS_BC_PHYID_CTRL,0x230C8,3,0,0-0,0-0
INTERFACE,SMI_INDRT_ACCESS_MMD_CTRL,0x230CC,3,0,0-0,0-0
INTERFACE,SMI_PHY_REG_CHK_DATA_RSLT,0x230D0,6,32,0-0,0-3
INTERFACE,SMI_PHY_REG_CHK_DATA_RSLT_ALL,0x230E8,1,1,0-0,0-4
RESET,SOFTWARE_RST,0x108,14,0,0-0,0-0
INTERRUPT,INTR_CTRL,0x1D000,3,0,0-0,0-0
INTERRUPT,INTR_DBGO_POS,0x1D004,1,0,0-0,0-0
INTERRUPT,INTR_DBGO_NEG,0x1D008,1,0,0-0,0-0
INTERRUPT,INTR_IMR,0x1D00C,22,0,0-0,0-0
INTERRUPT,INTR_IMS,0x1D010,22,0,0-0,0-0
INTERRUPT,INTR_STAT,0x1D014,9,64,0-0,0-0
INTERRUPT,INTR_STAT_POS,0x1D01C,1,0,0-0,0-0
INTERRUPT,INTR_STAT_NEG,0x1D020,1,0,0-0,0-0
BIST_BISR,SW_BIST_CFG_1,0x31000,3,0,0-0,0-0
BIST_BISR,SW_BIST_CFG_2,0x31004,3,0,0-0,0-0
BIST_BISR,SW_BIST_CFG_3,0x31008,3,0,0-0,0-0
BIST_BISR,SW_BIST_CFG_4,0x3100C,3,0,0-0,0-0
BIST_BISR,SW_BIST_CFG_5,0x31010,3,0,0-0,0-0
BIST_BISR,SW_BIST_CFG_6,0x31014,3,0,0-0,0-0
BIST_BISR,SW_BIST_CFG_7,0x31018,3,0,0-0,0-0
BIST_BISR,SW_BIST_CFG_8,0x3101C,3,0,0-0,0-0
BIST_BISR,SW_BIST_CFG_9,0x31020,3,0,0-0,0-0
BIST_BISR,SW_BIST_CFG_10,0x31024,7,0,0-0,0-0
BIST_BISR,SW_BIST_CFG_11,0x31028,7,0,0-0,0-0
BIST_BISR,SW_BIST_CFG_13,0x3102C,3,0,0-0,0-0
BIST_BISR,SW_BIST_CFG_14,0x31030,3,0,0-0,0-0
BIST_BISR,SW_BIST_CFG_15,0x31034,3,0,0-0,0-0
BIST_BISR,SW_BIST_CFG_17,0x31038,3,0,0-0,0-0
BIST_BISR,SW_BIST_CFG_18,0x3103C,3,0,0-0,0-0
BIST_BISR,SW_BIST_CFG_19,0x31040,7,0,0-0,0-0
BIST_BISR,SW_BIST_CFG_20,0x31044,3,0,0-0,0-0
BIST_BISR,SW_BIST_CFG_21,0x31048,7,0,0-0,0-0
BIST_BISR,SW_BIST_CFG_22,0x3104C,7,0,0-0,0-0
BIST_BISR,SW_BIST_CFG_23,0x31050,7,0,0-0,0-0
BIST_BISR,SW_BIST_CFG_24,0x31054,7,0,0-0,0-0
BIST_BISR,SW_BIST_CFG_25,0x31058,7,0,0-0,0-0
BIST_BISR,SW_BIST_CFG_26,0x3105C,7,0,0-0,0-0
BIST_BISR,SW_BIST_CFG_27,0x31060,7,0,0-0,0-0
BIST_BISR,SW_BIST_CFG_28,0x31064,7,0,0-0,0-0
BIST_BISR,SW_BIST_CFG_29,0x31068,3,0,0-0,0-0
BIST_BISR,SW_BIST_CFG_30,0x3106C,3,0,0-0,0-0
BIST_BISR,SW_BIST_CFG_31,0x31070,7,0,0-0,0-0
BIST_BISR,SW_BIST_CFG_32,0x31074,7,0,0-0,0-0
BIST_BISR,SW_BIST_CFG_OQ_0,0x3107C,3,0,0-0,0-0
BIST_BISR,SW_BIST_CFG_OQ_1,0x31080,3,0,0-0,0-0
BIST_BISR,SW_BIST_CFG_OQ_2,0x31084,3,0,0-0,0-0
BIST_BISR,SW_BIST_CFG_OQ_3,0x31088,3,0,0-0,0-0
BIST_BISR,SW_BIST_CFG_OQ_4,0x3108C,3,0,0-0,0-0
BIST_BISR,SW_BIST_CFG_OQ_5,0x31090,3,0,0-0,0-0
BIST_BISR,SW_BIST_CFG_OQ_6,0x31094,3,0,0-0,0-0
BIST_BISR,SW_BIST_CFG_OQ_7,0x31098,3,0,0-0,0-0
BIST_BISR,SW_BIST_CFG_OQ_8,0x3109C,3,0,0-0,0-0
BIST_BISR,SW_BIST_CFG_OQ_9,0x310A0,3,0,0-0,0-0
BIST_BISR,SW_BIST_CFG_OQ_10,0x310A4,3,0,0-0,0-0
BIST_BISR,SW_BIST_CFG_OQ_11,0x310A8,3,0,0-0,0-0
BIST_BISR,SW_BIST_CFG_OQ_12,0x310AC,3,0,0-0,0-0
BIST_BISR,SW_BIST_CFG_37,0x310B0,3,0,0-0,0-0
BIST_BISR,SW_BIST_CFG_38,0x310B4,3,0,0-0,0-0
BIST_BISR,SW_BIST_CFG_39,0x310B8,3,0,0-0,0-0
BIST_BISR,SW_BIST_CFG_40,0x310BC,3,0,0-0,0-0
BIST_BISR,SW_BIST_CFG_41,0x310C0,3,0,0-0,0-0
BIST_BISR,SW_BIST_CFG_42,0x310C4,3,0,0-0,0-0
BIST_BISR,SW_BIST_CFG_43,0x310C8,3,0,0-0,0-0
BIST_BISR,SW_BIST_CFG_44,0x310CC,3,0,0-0,0-0
BIST_BISR,SW_BIST_CFG_45,0x310D0,3,0,0-0,0-0
BIST_BISR,SW_BIST_CFG_46,0x310D4,3,0,0-0,0-0
BIST_BISR,SW_BIST_CFG_47,0x310D8,3,0,0-0,0-0
BIST_BISR,SW_BIST_CFG_OQ_PON,0x310DC,7,0,0-0,0-0
BIST_BISR,SW_BIST_CFG_PBOQ,0x310E0,7,0,0-0,0-0
BIST_BISR,SW_BIST_CFG_PON_FP_1,0x310E4,7,0,0-0,0-0
BIST_BISR,SW_BIST_CFG_PON_FP_2,0x310E8,7,0,0-0,0-0
BIST_BISR,SW_BIST_RSLT,0x310EC,11,0,0-0,0-0
BIST_BISR,SW_BIST_CFG_US_DSC,0x310F0,7,0,0-0,0-0
BIST_BISR,SW_BIST_CFG_DS_DSC,0x310F4,7,0,0-0,0-0
BIST_BISR,US_BIST_CFG_2,0xF02004,3,0,0-0,0-0
BIST_BISR,US_BIST_CFG_3,0xF02008,3,0,0-0,0-0
BIST_BISR,US_BIST_CFG_4,0xF0200C,3,0,0-0,0-0
BIST_BISR,US_BIST_CFG_5,0xF02010,3,0,0-0,0-0
BIST_BISR,US_BIST_CFG_6,0xF02014,3,0,0-0,0-0
BIST_BISR,US_BIST_CFG_8,0xF02018,3,0,0-0,0-0
BIST_BISR,US_BIST_CFG_9,0xF0201C,3,0,0-0,0-0
BIST_BISR,US_BIST_CFG_10,0xF02020,3,0,0-0,0-0
BIST_BISR,US_BIST_CFG_11,0xF02024,3,0,0-0,0-0
BIST_BISR,US_BIST_CFG_12,0xF02028,3,0,0-0,0-0
BIST_BISR,US_BIST_CFG_13,0xF0202C,3,0,0-0,0-0
BIST_BISR,US_BIST_CFG_14,0xF02030,3,0,0-0,0-0
BIST_BISR,US_BIST_RSLT,0xF02034,6,0,0-0,0-0
BIST_BISR,DS_BIST_CFG_5,0xF0A00C,3,0,0-0,0-0
BIST_BISR,DS_BIST_CFG_6,0xF0A010,3,0,0-0,0-0
BIST_BISR,DS_BIST_CFG_7,0xF0A014,3,0,0-0,0-0
BIST_BISR,DS_BIST_CFG_8,0xF0A018,3,0,0-0,0-0
BIST_BISR,DS_BIST_RSLT,0xF0A01C,6,0,0-0,0-0
BIST_BISR,PBOES_BIST_0,0xF12000,3,0,0-0,0-0
BIST_BISR,PBOES_BIST_1,0xF12004,3,0,0-0,0-0
BIST_BISR,PBOES_BIST_2,0xF12008,3,0,0-0,0-0
BIST_BISR,PBOES_BIST_3,0xF1200C,3,0,0-0,0-0
BIST_BISR,PBOES_BIST_4,0xF12010,3,0,0-0,0-0
BIST_BISR,PBOES_BIST_5,0xF12014,3,0,0-0,0-0
BIST_BISR,PBOES_BIST_6,0xF12018,3,0,0-0,0-0
BIST_BISR,PBOES_BIST_7,0xF1201C,3,0,0-0,0-0
BIST_BISR,PBOES_BIST_8,0xF12020,3,0,0-0,0-0
BIST_BISR,PBOES_BIST_9,0xF12024,3,0,0-0,0-0
BIST_BISR,PBOES_BIST_10,0xF12028,3,0,0-0,0-0
BIST_BISR,PBOES_BIST_11,0xF1202C,3,0,0-0,0-0
BIST_BISR,PBOES_BIST_12,0xF12030,3,0,0-0,0-0
BIST_BISR,PBOES_BIST_13,0xF12034,3,0,0-0,0-0
BIST_BISR,PBOES_BIST_14,0xF12038,3,0,0-0,0-0
BIST_BISR,PBOES_BIST_15,0xF1203C,3,0,0-0,0-0
LED,LED_LED,0x1E000,2,0,0-0,0-0
LED,DATA_LED_CFG,0x1E004,18,32,0-17,0-0
LED,LED_ACTIVE_LOW_CFG,0x1E04C,1,1,0-17,0-0
LED,SERI_LED_ACTIVE_LOW_CFG,0x1E050,2,0,0-0,0-0
LED,LED_FORCE_VALUE_CFG,0x1E054,1,2,0-17,0-0
LED,LED_BLINK_RATE_CFG,0x1E05C,3,0,0-0,0-0
LED,LED_EN,0x1E068,22,0,0-0,0-0
LED,SERI_LED_CLK_PER,0x1E06C,2,0,0-0,0-0
LED,SERI_LED_REFRESH_TIME,0x1E070,2,0,0-0,0-0
LED,PON_LED_CFG,0x1E078,3,0,0-0,0-0
LED,LED_FLT_MPCP,0x1E090,2,0,0-0,0-0
HW_MISC_,FORCE_P_DMP,0x11000,1,11,0-0,0-10
HW_MISC_,EN_FORCE_P_DMP,0x11018,1,1,0-0,0-10
HW_MISC_,GLB_MAC_MISC,0x230EC,3,0,0-0,0-0
HW_MISC_,WRAP_GPHY_MISC,0x114,2,0,0-0,0-0
HW_MISC_,SSC_CTRL_0,0x118,7,32,0-0,0-1
HW_MISC_,SSC_CTRL_1,0x120,2,32,0-0,0-1
HW_MISC_,SSC_CTRL_2,0x128,2,32,0-0,0-1
HW_MISC_,SSC_CTRL_3,0x130,8,32,0-0,0-1
HW_MISC_,SSC_CTRL_4,0x138,4,32,0-0,0-1
HW_MISC_,SSC_CTRL_5,0x140,6,32,0-0,0-1
HW_MISC_,SSC_STS,0x148,6,32,0-0,0-1
HW_MISC_,THERMAL_CTRL_0,0x150,20,0,0-0,0-0
HW_MISC_,THERMAL_CTRL_1,0x154,2,0,0-0,0-0
HW_MISC_,THERMAL_CTRL_2,0x158,2,0,0-0,0-0
HW_MISC_,THERMAL_CTRL_3,0x15C,2,0,0-0,0-0
HW_MISC_,THERMAL_CTRL_4,0x160,2,0,0-0,0-0
HW_MISC_,THERMAL_CTRL_5,0x164,2,0,0-0,0-0
HW_MISC_,THERMAL_CTRL_6,0x168,3,32,0-0,0-1
HW_MISC_,THERMAL_CTRL_7,0x170,3,32,0-0,0-1
HW_MISC_,THERMAL_STS_0,0x178,3,0,0-0,0-0
HW_MISC_,THERMAL_STS_1,0x17C,2,0,0-0,0-0
HW_MISC_,THERMAL_STS_2,0x180,2,0,0-0,0-0
HW_MISC_,THERMAL_STS_3,0x184,2,0,0-0,0-0
HW_MISC_,THERMAL_STS_4,0x188,3,0,0-0,0-0
HW_MISC_,DDRSWR_CTRL_0,0x18C,9,0,0-0,0-0
HW_MISC_,DDRSWR_CTRL_1,0x190,3,0,0-0,0-0
HW_MISC_,DDRSWR_STS_0,0x194,2,0,0-0,0-0
HW_MISC_,DDRSWR_STS_1,0x198,2,0,0-0,0-0
HW_MISC_,CRASH_INTR_EN_0,0x19C,6,0,0-0,0-0
HW_MISC_,CRASH_INTR_EN_1,0x1A0,4,0,0-0,0-0
HW_MISC_,CRASH_INTR_STS_0,0x1A4,6,0,0-0,0-0
HW_MISC_,CRASH_INTR_STS_1,0x1A8,4,0,0-0,0-0
HW_MISC_,CRASH_CONFIG_0,0x1AC,4,0,0-0,0-0
HW_MISC_,CRASH_CONFIG_1,0x1B0,4,0,0-0,0-0
HW_MISC_,CRASH_CONFIG_2,0x1B4,2,0,0-0,0-0
HW_MISC_,CRASH_CONFIG_3,0x1B8,2,0,0-0,0-0
HW_MISC_,CRASH_CONFIG_4,0x1BC,3,0,0-0,0-0
HW_MISC_,DDS_CHIP_CTRL_0,0x1C0,6,0,0-0,0-0
HW_MISC_,DDS_CHIP_STS_0,0x1C4,4,0,0-0,0-0
CHP_INFORMATION,MODEL_NAME_INFO,0x10000,5,0,0-0,0-0
CHP_INFORMATION,CHIP_INFO,0x10004,4,0,0-0,0-0
CHP_INFORMATION,BOND_INFO,0x10008,3,0,0-0,0-0
CHP_INFORMATION,MISCELLANEOUS_CONFIGURE0,0x1C8,3,0,0-0,0-0
CHP_INFORMATION,FORCE_P_ABLTY,0x1CC,15,32,0-0,0-10
CHP_INFORMATION,MDX_PHY_REG1,0x1F8,3,0,0-0,0-0
CHP_INFORMATION,ROUTER_UPS_CFG,0x1FC,2,0,0-0,0-0
CHP_INFORMATION,P_ABLTY,0x200,15,32,0-0,0-10
CHP_INFORMATION,RTL_OUI_CFG,0x22C,2,0,0-0,0-0
CHP_INFORMATION,REVISON_CFG,0x230,2,0,0-0,0-0
CHP_INFORMATION,MODEL_CFG,0x234,2,0,0-0,0-0
CHP_INFORMATION,ABLTY_FORCE_MODE,0x238,17,32,0-0,0-10
CHP_INFORMATION,DEBUG_SEL,0x264,1,0,0-0,0-0
CHP_INFORMATION,DEBUG_SEL_TOP,0x268,10,0,0-0,0-0
CHP_INFORMATION,RST_SYNC_FIFO,0x26C,3,0,0-0,0-0
CHP_INFORMATION,SDS_CFG,0x270,4,32,0-0,0-2
CHP_INFORMATION,MAC_ACT_CFG,0x27C,4,0,0-0,0-0
CHP_INFORMATION,BYPS_ABLTY_LOCK,0x280,2,0,0-0,0-0
CHP_INFORMATION,FIFO_ERR_STS,0x284,2,0,0-0,0-0
CHP_INFORMATION,SDS_AN_RX_CFG,0x288,2,0,0-0,0-0
CHP_INFORMATION,SDS_FIB_STATUS,0x28C,10,32,0-0,0-2
CHP_INFORMATION,HWPKT_GEN_STA,0x230F0,4,0,0-0,0-0
CHP_INFORMATION,GPHY_AFE_DBG_CFG,0x298,4,0,0-0,0-0
CHP_INFORMATION,DYNGASP_CTRL,0x29C,11,0,0-0,0-0
CHP_INFORMATION,BOND_STS,0x2A0,2,0,0-0,0-0
CHP_INFORMATION,STRAP_STS,0x2A4,1,32,0-0,0-1
CHP_INFORMATION,MISCELLANEOUS_BONDING,0x2AC,7,0,0-0,0-0
CHP_INFORMATION,MISCELLANEOUS_STRAPPING0,0x2B0,2,0,0-0,0-0
CHP_INFORMATION,MAC_DLYLNK,0x2B4,8,0,0-0,0-0
CHP_INFORMATION,PONCTRL,0x2B8,9,0,0-0,0-0
CHP_INFORMATION,HSG_SDS_CTRL,0x2BC,5,0,0-0,0-0
MAC_CONTROL,CPU_HASH_SELECT_CTRL,0x1101C,1,1,0-6,0-0
MAC_CONTROL,CPU_HASH_PORT_CTRL,0x11020,1,1,0-15,0-0
MAC_CONTROL,CPU_HASH_CTRL,0x11024,2,0,0-0,0-0
MAC_CONTROL,CPU_TAG_INSERT_CTRL,0x230F4,1,1,0-0,0-2
MAC_CONTROL,CPU_TAG_AWARE_CTRL,0x230F8,1,1,0-0,0-2
MAC_CONTROL,ACCEPT_MAX_LEN_CTRL,0x11028,2,32,0-0,0-10
MAC_CONTROL,CFG_MAC_MISC,0x230FC,12,0,0-0,0-0
MAC_CONTROL,CFG_BACKPRESSURE,0x23100,5,0,0-0,0-0
MAC_CONTROL,CFG_UNHIOL,0x23104,9,0,0-0,0-0
MAC_CONTROL,SWITCH_MAC,0x23108,7,64,0-0,0-0
MAC_CONTROL,SWITCH_CTRL,0x23110,9,0,0-0,0-0
MAC_CONTROL,CFG_L2TP_SPORT,0x23114,2,0,0-0,0-0
MAC_CONTROL,INBW_HBOUND,0x23118,2,0,0-0,0-0
MAC_CONTROL,INBW_LBOUND,0x2311C,2,0,0-0,0-0
MAC_CONTROL,P_TX_ERR_CNT,0x20000,2,32,0-0,0-10
MAC_CONTROL,P_MISC,0x20004,19,32,0-0,0-10
MAC_CONTROL,P_CUR_RATE,0x20008,1,32,0-0,0-10
MAC_CONTROL,UTP_FIBER_AUTODET,0x2C0,12,32,0-0,0-2
MAC_CONTROL,CHANGE_DUPLEX_CTRL,0x23120,5,0,0-0,0-0
MAC_CONTROL,EXTG_ACTYPE0,0x22000,2,32,0-0,0-6
MAC_CONTROL,EXTG_ACTYPE1,0x2201C,2,32,0-0,0-6
MAC_CONTROL,EXTG_ACTYPE2,0x22038,2,32,0-0,0-6
MAC_CONTROL,EXTG_ACTYPE3,0x22054,2,32,0-0,0-6
MAC_CONTROL,EXTG_ACTYPE4,0x22070,2,32,0-0,0-6
MAC_CONTROL,EXTG_ACTYPE5,0x2208C,2,32,0-0,0-6
MAC_CONTROL,EXTG_ACTYPE6,0x220A8,2,32,0-0,0-6
MAC_CONTROL,EXTG_ACTYPE7,0x220C4,2,32,0-0,0-6
MAC_CONTROL,EXTHDR_DAT,0x24000,1,32,0-0,0-127
PHY_SERDES,WSDS_ANA_00,0x40000,6,0,0-0,0-0
PHY_SERDES,WSDS_ANA_01,0x40004,1,0,0-0,0-0
PHY_SERDES,WSDS_ANA_02,0x40008,1,0,0-0,0-0
PHY_SERDES,WSDS_ANA_03,0x4000C,2,0,0-0,0-0
PHY_SERDES,WSDS_ANA_04,0x40010,2,0,0-0,0-0
PHY_SERDES,WSDS_ANA_05,0x40014,2,0,0-0,0-0
PHY_SERDES,WSDS_ANA_06,0x40018,2,0,0-0,0-0
PHY_SERDES,WSDS_ANA_07,0x4001C,2,0,0-0,0-0
PHY_SERDES,WSDS_ANA_08,0x40020,2,0,0-0,0-0
PHY_SERDES,WSDS_ANA_09,0x40024,2,0,0-0,0-0
PHY_SERDES,WSDS_ANA_0A,0x40028,2,0,0-0,0-0
PHY_SERDES,WSDS_ANA_0B,0x4002C,2,0,0-0,0-0
PHY_SERDES,WSDS_DIG_00,0x40030,13,0,0-0,0-0
PHY_SERDES,WSDS_DIG_01,0x40034,1,0,0-0,0-0
PHY_SERDES,WSDS_DIG_02,0x40038,10,0,0-0,0-0
PHY_SERDES,WSDS_DIG_03,0x4003C,3,0,0-0,0-0
PHY_SERDES,WSDS_DIG_04,0x40040,4,0,0-0,0-0
PHY_SERDES,WSDS_DIG_05,0x40044,1,0,0-0,0-0
PHY_SERDES,WSDS_DIG_06,0x40048,1,0,0-0,0-0
PHY_SERDES,WSDS_DIG_07,0x4004C,2,0,0-0,0-0
PHY_SERDES,WSDS_DIG_08,0x40050,2,0,0-0,0-0
PHY_SERDES,WSDS_DIG_09,0x40054,2,0,0-0,0-0
PHY_SERDES,WSDS_DIG_0A,0x40058,1,0,0-0,0-0
PHY_SERDES,WSDS_DIG_0B,0x4005C,1,0,0-0,0-0
PHY_SERDES,WSDS_DIG_0C,0x40060,2,0,0-0,0-0
PHY_SERDES,WSDS_DIG_0D,0x40064,2,0,0-0,0-0
PHY_SERDES,WSDS_DIG_0E,0x40068,2,0,0-0,0-0
PHY_SERDES,WSDS_DIG_0F,0x4006C,1,0,0-0,0-0
PHY_SERDES,WSDS_DIG_10,0x40070,1,0,0-0,0-0
PHY_SERDES,WSDS_DIG_11,0x40074,1,0,0-0,0-0
PHY_SERDES,WSDS_DIG_12,0x40078,1,0,0-0,0-0
PHY_SERDES,WSDS_DIG_13,0x4007C,1,0,0-0,0-0
PHY_SERDES,WSDS_DIG_14,0x40080,1,0,0-0,0-0
PHY_SERDES,WSDS_DIG_15,0x40084,1,0,0-0,0-0
PHY_SERDES,WSDS_DIG_16,0x40088,2,0,0-0,0-0
PHY_SERDES,WSDS_DIG_17,0x4008C,2,0,0-0,0-0
PHY_SERDES,WSDS_DIG_18,0x40090,14,0,0-0,0-0
PHY_SERDES,WSDS_DIG_19,0x40094,2,0,0-0,0-0
PHY_SERDES,WSDS_DIG_1A,0x40098,3,0,0-0,0-0
PHY_SERDES,WSDS_DIG_1B,0x4009C,2,0,0-0,0-0
PHY_SERDES,WSDS_DIG_1C,0x400A0,2,0,0-0,0-0
PHY_SERDES,WSDS_DIG_1D,0x400A4,12,0,0-0,0-0
PHY_SERDES,WSDS_DIG_1E,0x400A8,8,0,0-0,0-0
PHY_SERDES,WSDS_DIG_1F,0x400AC,9,0,0-0,0-0
PHY_SERDES,WSDS_DIG_20,0x400B0,5,0,0-0,0-0
PHY_SERDES,WSDS_DIG_21,0x400B4,7,0,0-0,0-0
PHY_SERDES,WSDS_DIG_22,0x400B8,4,0,0-0,0-0
PHY_SERDES,WSDS_DIG_23,0x400BC,1,0,0-0,0-0
PHY_SERDES,WSDS_DIG_24,0x400C0,1,0,0-0,0-0
PHY_SERDES,WSDS_DIG_25,0x400C4,1,0,0-0,0-0
PHY_SERDES,WSDS_DIG_26,0x400C8,1,0,0-0,0-0
PHY_SERDES,WSDS_DIG_27,0x400CC,1,0,0-0,0-0
PHY_SERDES,WSDS_DIG_28,0x400D0,1,0,0-0,0-0
PHY_SERDES,WSDS_DIG_29,0x400D4,1,0,0-0,0-0
PHY_SERDES,WSDS_DIG_2A,0x400D8,1,0,0-0,0-0
PHY_SERDES,WSDS_DIG_2B,0x400DC,1,0,0-0,0-0
PHY_SERDES,WSDS_DIG_2C,0x400E0,1,0,0-0,0-0
PHY_SERDES,FORCE_BEN,0x400E4,3,0,0-0,0-0
PHY_SERDES,SDS_REG0,0x40800,15,0,0-0,0-0
PHY_SERDES,SDS_REG1,0x40804,11,0,0-0,0-0
PHY_SERDES,SDS_REG2,0x40808,9,0,0-0,0-0
PHY_SERDES,SDS_REG3,0x4080C,10,0,0-0,0-0
PHY_SERDES,SDS_REG4,0x40810,9,0,0-0,0-0
PHY_SERDES,SDS_REG5,0x40814,12,0,0-0,0-0
PHY_SERDES,SDS_REG6,0x40818,8,0,0-0,0-0
PHY_SERDES,SDS_REG7,0x4081C,11,0,0-0,0-0
PHY_SERDES,SDS_REG8,0x40820,9,0,0-0,0-0
PHY_SERDES,SDS_REG9,0x40824,2,0,0-0,0-0
PHY_SERDES,SDS_REG10,0x40828,13,0,0-0,0-0
PHY_SERDES,SDS_REG11,0x4082C,2,0,0-0,0-0
PHY_SERDES,SDS_REG12,0x40830,7,0,0-0,0-0
PHY_SERDES,SDS_REG13,0x40834,6,0,0-0,0-0
PHY_SERDES,SDS_REG14,0x40838,13,0,0-0,0-0
PHY_SERDES,SDS_REG15,0x4083C,2,0,0-0,0-0
PHY_SERDES,SDS_REG16,0x40840,2,0,0-0,0-0
PHY_SERDES,SDS_REG17,0x40844,4,0,0-0,0-0
PHY_SERDES,SDS_REG18,0x40848,2,0,0-0,0-0
PHY_SERDES,SDS_REG19,0x4084C,2,0,0-0,0-0
PHY_SERDES,SDS_REG20,0x40850,2,0,0-0,0-0
PHY_SERDES,SDS_REG21,0x40854,2,0,0-0,0-0
PHY_SERDES,SDS_REG22,0x40858,2,0,0-0,0-0
PHY_SERDES,SDS_REG23,0x4085C,2,0,0-0,0-0
PHY_SERDES,SDS_REG24,0x40860,2,0,0-0,0-0
PHY_SERDES,SDS_REG25,0x40864,2,0,0-0,0-0
PHY_SERDES,SDS_REG26,0x40868,3,0,0-0,0-0
PHY_SERDES,SDS_REG27,0x4086C,2,0,0-0,0-0
PHY_SERDES,SDS_REG28,0x40870,8,0,0-0,0-0
PHY_SERDES,SDS_REG29,0x40874,2,0,0-0,0-0
PHY_SERDES,SDS_REG30,0x40878,2,0,0-0,0-0
PHY_SERDES,SDS_REG31,0x4087C,2,0,0-0,0-0
PHY_SERDES,SDS_EXT_REG0,0x40A00,2,0,0-0,0-0
PHY_SERDES,SDS_EXT_REG1,0x40A04,10,0,0-0,0-0
PHY_SERDES,SDS_EXT_REG2,0x40A08,2,0,0-0,0-0
PHY_SERDES,SDS_EXT_REG3,0x40A0C,3,0,0-0,0-0
PHY_SERDES,SDS_EXT_REG4,0x40A10,2,0,0-0,0-0
PHY_SERDES,SDS_EXT_REG5,0x40A14,2,0,0-0,0-0
PHY_SERDES,SDS_EXT_REG6,0x40A18,2,0,0-0,0-0
PHY_SERDES,SDS_EXT_REG7,0x40A1C,10,0,0-0,0-0
PHY_SERDES,SDS_EXT_REG8,0x40A20,5,0,0-0,0-0
PHY_SERDES,SDS_EXT_REG9,0x40A24,5,0,0-0,0-0
PHY_SERDES,SDS_EXT_REG10,0x40A28,2,0,0-0,0-0
PHY_SERDES,SDS_EXT_REG11,0x40A2C,16,0,0-0,0-0
PHY_SERDES,SDS_EXT_REG12,0x40A30,13,0,0-0,0-0
PHY_SERDES,SDS_EXT_REG13,0x40A34,5,0,0-0,0-0
PHY_SERDES,SDS_EXT_REG14,0x40A38,7,0,0-0,0-0
PHY_SERDES,SDS_EXT_REG15,0x40A3C,5,0,0-0,0-0
PHY_SERDES,SDS_EXT_REG16,0x40A40,3,0,0-0,0-0
PHY_SERDES,SDS_EXT_REG17,0x40A44,2,0,0-0,0-0
PHY_SERDES,SDS_EXT_REG18,0x40A48,2,0,0-0,0-0
PHY_SERDES,SDS_EXT_REG19,0x40A4C,2,0,0-0,0-0
PHY_SERDES,SDS_EXT_REG20,0x40A50,17,0,0-0,0-0
PHY_SERDES,SDS_EXT_REG21,0x40A54,2,0,0-0,0-0
PHY_SERDES,SDS_EXT_REG22,0x40A58,2,0,0-0,0-0
PHY_SERDES,SDS_EXT_REG23,0x40A5C,2,0,0-0,0-0
PHY_SERDES,SDS_EXT_REG24,0x40A60,10,0,0-0,0-0
PHY_SERDES,SDS_EXT_REG25,0x40A64,2,0,0-0,0-0
PHY_SERDES,SDS_EXT_REG26,0x40A68,5,0,0-0,0-0
PHY_SERDES,SDS_EXT_REG27,0x40A6C,2,0,0-0,0-0
PHY_SERDES,SDS_EXT_REG28,0x40A70,2,0,0-0,0-0
PHY_SERDES,SDS_EXT_REG29,0x40A74,6,0,0-0,0-0
PHY_SERDES,SDS_EXT_REG30,0x40A78,7,0,0-0,0-0
PHY_SERDES,SDS_EXT_REG31,0x40A7C,4,0,0-0,0-0
PHY_SERDES,FIB_REG0,0x40C00,13,0,0-0,0-0
PHY_SERDES,FIB_REG1,0x40C04,8,0,0-0,0-0
PHY_SERDES,FIB_REG2,0x40C08,2,0,0-0,0-0
PHY_SERDES,FIB_REG3,0x40C0C,4,0,0-0,0-0
PHY_SERDES,FIB_REG4,0x40C10,2,0,0-0,0-0
PHY_SERDES,FIB_REG5,0x40C14,2,0,0-0,0-0
PHY_SERDES,FIB_REG6,0x40C18,5,0,0-0,0-0
PHY_SERDES,FIB_REG7,0x40C1C,2,0,0-0,0-0
PHY_SERDES,FIB_REG8,0x40C20,2,0,0-0,0-0
PHY_SERDES,FIB_REG13,0x40C34,4,0,0-0,0-0
PHY_SERDES,FIB_REG14,0x40C38,2,0,0-0,0-0
PHY_SERDES,FIB_REG15,0x40C3C,6,0,0-0,0-0
PHY_SERDES,FIB_REG16,0x40C40,16,0,0-0,0-0
PHY_SERDES,FIB_REG17,0x40C44,14,0,0-0,0-0
PHY_SERDES,FIB_REG18,0x40C48,4,0,0-0,0-0
PHY_SERDES,FIB_REG19,0x40C4C,2,0,0-0,0-0
PHY_SERDES,FIB_REG20,0x40C50,2,0,0-0,0-0
PHY_SERDES,FIB_REG21,0x40C54,2,0,0-0,0-0
PHY_SERDES,FIB_REG22,0x40C58,2,0,0-0,0-0
PHY_SERDES,FIB_REG23,0x40C5C,2,0,0-0,0-0
PHY_SERDES,FIB_REG26,0x40C68,7,0,0-0,0-0
PHY_SERDES,FIB_REG28,0x40C70,4,0,0-0,0-0
PHY_SERDES,FIB_REG29,0x40C74,5,0,0-0,0-0
PHY_SERDES,FIB_REG30,0x40C78,8,0,0-0,0-0
PHY_SERDES,FIB_REG31,0x40C7C,3,0,0-0,0-0
PHY_SERDES,FIB_EXT_REG0,0x40E00,13,0,0-0,0-0
PHY_SERDES,FIB_EXT_REG1,0x40E04,8,0,0-0,0-0
PHY_SERDES,FIB_EXT_REG2,0x40E08,2,0,0-0,0-0
PHY_SERDES,FIB_EXT_REG3,0x40E0C,4,0,0-0,0-0
PHY_SERDES,FIB_EXT_REG4,0x40E10,2,0,0-0,0-0
PHY_SERDES,FIB_EXT_REG5,0x40E14,2,0,0-0,0-0
PHY_SERDES,FIB_EXT_REG6,0x40E18,5,0,0-0,0-0
PHY_SERDES,FIB_EXT_REG7,0x40E1C,2,0,0-0,0-0
PHY_SERDES,FIB_EXT_REG8,0x40E20,2,0,0-0,0-0
PHY_SERDES,FIB_EXT_REG13,0x40E34,4,0,0-0,0-0
PHY_SERDES,FIB_EXT_REG14,0x40E38,2,0,0-0,0-0
PHY_SERDES,FIB_EXT_REG15,0x40E3C,2,0,0-0,0-0
PHY_SERDES,FIB_EXT_REG16,0x40E40,17,0,0-0,0-0
PHY_SERDES,FIB_EXT_REG17,0x40E44,8,0,0-0,0-0
PHY_SERDES,FIB_EXT_REG18,0x40E48,5,0,0-0,0-0
PHY_SERDES,FIB_EXT_REG19,0x40E4C,9,0,0-0,0-0
PHY_SERDES,FIB_EXT_REG20,0x40E50,7,0,0-0,0-0
PHY_SERDES,FIB_EXT_REG21,0x40E54,9,0,0-0,0-0
PHY_SERDES,FIB_EXT_REG22,0x40E58,8,0,0-0,0-0
PHY_SERDES,FIB_EXT_REG23,0x40E5C,13,0,0-0,0-0
PHY_SERDES,FIB_EXT_REG24,0x40E60,8,0,0-0,0-0
PHY_SERDES,FIB_EXT_REG25,0x40E64,13,0,0-0,0-0
PHY_SERDES,FIB_EXT_REG26,0x40E68,2,0,0-0,0-0
PHY_SERDES,FIB_EXT_REG27,0x40E6C,4,0,0-0,0-0
PHY_SERDES,FIB_EXT_REG28,0x40E70,2,0,0-0,0-0
PHY_SERDES,FIB_EXT_REG29,0x40E74,2,0,0-0,0-0
PHY_SERDES,FIB_EXT_REG30,0x40E78,2,0,0-0,0-0
PHY_SERDES,FIB_EXT_REG31,0x40E7C,3,0,0-0,0-0
PHY_SERDES,PHY_RG0X_CEN,0x1F000,2,0,0-0,0-0
PHY_SERDES,PHY_RG1X_CEN,0x1F004,2,0,0-0,0-0
PHY_SERDES,PHY_RG2X_CEN,0x1F008,2,0,0-0,0-0
PHY_SERDES,PHY_RG3X_CEN,0x1F00C,2,0,0-0,0-0
PHY_SERDES,PHY_RG4X_CEN,0x1F010,2,0,0-0,0-0
PHY_SERDES,PHY_RG5X_CEN,0x1F014,2,0,0-0,0-0
PHY_SERDES,PHY_RG6X_CEN,0x1F018,2,0,0-0,0-0
PHY_SERDES,PHY_RG7X_CEN,0x1F01C,2,0,0-0,0-0
PHY_SERDES,PHY_RG8X_CEN,0x1F020,2,0,0-0,0-0
PHY_SERDES,PHY_RG9X_CEN,0x1F024,2,0,0-0,0-0
PHY_SERDES,PHY_RG10X_CEN,0x1F028,2,0,0-0,0-0
PHY_SERDES,PHY_RG11X_CEN,0x1F02C,2,0,0-0,0-0
PHY_SERDES,PHY_RG12X_CEN,0x1F030,2,0,0-0,0-0
PHY_SERDES,PHY_RG13X_CEN,0x1F034,2,0,0-0,0-0
PHY_SERDES,PHY_RG0X_PLL,0x1F040,2,0,0-0,0-0
PHY_SERDES,PHY_RG1X_PLL,0x1F044,2,0,0-0,0-0
PHY_SERDES,PHY_RG2X_PLL,0x1F048,2,0,0-0,0-0
PHY_SERDES,PHY_RG3X_PLL,0x1F04C,2,0,0-0,0-0
PHY_SERDES,PHY_RG4X_PLL,0x1F050,2,0,0-0,0-0
PHY_SERDES,PHY_RG5X_PLL,0x1F054,2,0,0-0,0-0
PHY_SERDES,PHY_RG6X_PLL,0x1F058,2,0,0-0,0-0
PHY_SERDES,PHY_RG7X_PLL,0x1F05C,2,0,0-0,0-0
PHY_SERDES,PHY_RG8X_PLL,0x1F060,2,0,0-0,0-0
PHY_SERDES,PHY_RG9X_PLL,0x1F064,2,0,0-0,0-0
PHY_SERDES,PHY_GDAC_IB_10M,0x1F068,2,32,0-4,0-0
PHY_SERDES,PHY_GDAC_IB_100M,0x1F07C,2,32,0-4,0-0
PHY_SERDES,PHY_GDAC_IB_1000M,0x1F090,2,32,0-4,0-0
PHY_SERDES,PHY_POW_PLL,0x1F0A4,3,0,0-0,0-0
HIGH_SG_SERDES,WSDS_HSG0_ANA_00,0x41000,5,0,0-0,0-0
HIGH_SG_SERDES,WSDS_HSG0_ANA_01,0x41004,1,0,0-0,0-0
HIGH_SG_SERDES,WSDS_HSG0_ANA_02,0x41008,1,0,0-0,0-0
HIGH_SG_SERDES,WSDS_HSG0_ANA_03,0x4100C,2,0,0-0,0-0
HIGH_SG_SERDES,WSDS_HSG0_ANA_04,0x41010,2,0,0-0,0-0
HIGH_SG_SERDES,WSDS_HSG0_ANA_05,0x41014,2,0,0-0,0-0
HIGH_SG_SERDES,WSDS_HSG0_ANA_06,0x41018,2,0,0-0,0-0
HIGH_SG_SERDES,WSDS_HSG0_ANA_07,0x4101C,2,0,0-0,0-0
HIGH_SG_SERDES,WSDS_HSG0_ANA_08,0x41020,2,0,0-0,0-0
HIGH_SG_SERDES,WSDS_HSG0_ANA_09,0x41024,2,0,0-0,0-0
HIGH_SG_SERDES,WSDS_HSG0_ANA_0A,0x41028,2,0,0-0,0-0
HIGH_SG_SERDES,WSDS_HSG0_ANA_0B,0x4102C,2,0,0-0,0-0
HIGH_SG_SERDES,WSDS_HSG0_DIG_00,0x41030,2,0,0-0,0-0
HIGH_SG_SERDES,WSDS_HSG0_DIG_01,0x41034,7,0,0-0,0-0
HIGH_SG_SERDES,WSDS_HSG0_DIG_02,0x41038,2,0,0-0,0-0
HIGH_SG_SERDES,WSDS_HSG0_DIG_03,0x4103C,2,0,0-0,0-0
HIGH_SG_SERDES,WSDS_HSG0_DIG_04,0x41040,2,0,0-0,0-0
HIGH_SG_SERDES,HSG0_SDS_REG0,0x41800,15,0,0-0,0-0
HIGH_SG_SERDES,HSG0_SDS_REG1,0x41804,11,0,0-0,0-0
HIGH_SG_SERDES,HSG0_SDS_REG2,0x41808,9,0,0-0,0-0
HIGH_SG_SERDES,HSG0_SDS_REG3,0x4180C,10,0,0-0,0-0
HIGH_SG_SERDES,HSG0_SDS_REG4,0x41810,9,0,0-0,0-0
HIGH_SG_SERDES,HSG0_SDS_REG5,0x41814,12,0,0-0,0-0
HIGH_SG_SERDES,HSG0_SDS_REG6,0x41818,8,0,0-0,0-0
HIGH_SG_SERDES,HSG0_SDS_REG7,0x4181C,11,0,0-0,0-0
HIGH_SG_SERDES,HSG0_SDS_REG8,0x41820,9,0,0-0,0-0
HIGH_SG_SERDES,HSG0_SDS_REG9,0x41824,2,0,0-0,0-0
HIGH_SG_SERDES,HSG0_SDS_REG10,0x41828,13,0,0-0,0-0
HIGH_SG_SERDES,HSG0_SDS_REG11,0x4182C,2,0,0-0,0-0
HIGH_SG_SERDES,HSG0_SDS_REG12,0x41830,7,0,0-0,0-0
HIGH_SG_SERDES,HSG0_SDS_REG13,0x41834,6,0,0-0,0-0
HIGH_SG_SERDES,HSG0_SDS_REG14,0x41838,13,0,0-0,0-0
HIGH_SG_SERDES,HSG0_SDS_REG15,0x4183C,2,0,0-0,0-0
HIGH_SG_SERDES,HSG0_SDS_REG16,0x41840,2,0,0-0,0-0
HIGH_SG_SERDES,HSG0_SDS_REG17,0x41844,4,0,0-0,0-0
HIGH_SG_SERDES,HSG0_SDS_REG18,0x41848,2,0,0-0,0-0
HIGH_SG_SERDES,HSG0_SDS_REG19,0x4184C,2,0,0-0,0-0
HIGH_SG_SERDES,HSG0_SDS_REG20,0x41850,2,0,0-0,0-0
HIGH_SG_SERDES,HSG0_SDS_REG21,0x41854,2,0,0-0,0-0
HIGH_SG_SERDES,HSG0_SDS_REG22,0x41858,2,0,0-0,0-0
HIGH_SG_SERDES,HSG0_SDS_REG23,0x4185C,2,0,0-0,0-0
HIGH_SG_SERDES,HSG0_SDS_REG24,0x41860,2,0,0-0,0-0
HIGH_SG_SERDES,HSG0_SDS_REG25,0x41864,2,0,0-0,0-0
HIGH_SG_SERDES,HSG0_SDS_REG26,0x41868,3,0,0-0,0-0
HIGH_SG_SERDES,HSG0_SDS_REG27,0x4186C,2,0,0-0,0-0
HIGH_SG_SERDES,HSG0_SDS_REG28,0x41870,8,0,0-0,0-0
HIGH_SG_SERDES,HSG0_SDS_REG29,0x41874,2,0,0-0,0-0
HIGH_SG_SERDES,HSG0_SDS_REG30,0x41878,2,0,0-0,0-0
HIGH_SG_SERDES,HSG0_SDS_REG31,0x4187C,2,0,0-0,0-0
HIGH_SG_SERDES,HSG0_SDS_EXT_REG0,0x41A00,2,0,0-0,0-0
HIGH_SG_SERDES,HSG0_SDS_EXT_REG1,0x41A04,10,0,0-0,0-0
HIGH_SG_SERDES,HSG0_SDS_EXT_REG2,0x41A08,2,0,0-0,0-0
HIGH_SG_SERDES,HSG0_SDS_EXT_REG3,0x41A0C,3,0,0-0,0-0
HIGH_SG_SERDES,HSG0_SDS_EXT_REG4,0x41A10,2,0,0-0,0-0
HIGH_SG_SERDES,HSG0_SDS_EXT_REG5,0x41A14,2,0,0-0,0-0
HIGH_SG_SERDES,HSG0_SDS_EXT_REG6,0x41A18,2,0,0-0,0-0
HIGH_SG_SERDES,HSG0_SDS_EXT_REG7,0x41A1C,10,0,0-0,0-0
HIGH_SG_SERDES,HSG0_SDS_EXT_REG8,0x41A20,5,0,0-0,0-0
HIGH_SG_SERDES,HSG0_SDS_EXT_REG9,0x41A24,5,0,0-0,0-0
HIGH_SG_SERDES,HSG0_SDS_EXT_REG10,0x41A28,2,0,0-0,0-0
HIGH_SG_SERDES,HSG0_SDS_EXT_REG11,0x41A2C,16,0,0-0,0-0
HIGH_SG_SERDES,HSG0_SDS_EXT_REG12,0x41A30,13,0,0-0,0-0
HIGH_SG_SERDES,HSG0_SDS_EXT_REG13,0x41A34,5,0,0-0,0-0
HIGH_SG_SERDES,HSG0_SDS_EXT_REG14,0x41A38,7,0,0-0,0-0
HIGH_SG_SERDES,HSG0_SDS_EXT_REG15,0x41A3C,5,0,0-0,0-0
HIGH_SG_SERDES,HSG0_SDS_EXT_REG16,0x41A40,3,0,0-0,0-0
HIGH_SG_SERDES,HSG0_SDS_EXT_REG17,0x41A44,2,0,0-0,0-0
HIGH_SG_SERDES,HSG0_SDS_EXT_REG18,0x41A48,2,0,0-0,0-0
HIGH_SG_SERDES,HSG0_SDS_EXT_REG19,0x41A4C,2,0,0-0,0-0
HIGH_SG_SERDES,HSG0_SDS_EXT_REG20,0x41A50,17,0,0-0,0-0
HIGH_SG_SERDES,HSG0_SDS_EXT_REG21,0x41A54,2,0,0-0,0-0
HIGH_SG_SERDES,HSG0_SDS_EXT_REG22,0x41A58,2,0,0-0,0-0
HIGH_SG_SERDES,HSG0_SDS_EXT_REG23,0x41A5C,2,0,0-0,0-0
HIGH_SG_SERDES,HSG0_SDS_EXT_REG24,0x41A60,10,0,0-0,0-0
HIGH_SG_SERDES,HSG0_SDS_EXT_REG25,0x41A64,2,0,0-0,0-0
HIGH_SG_SERDES,HSG0_SDS_EXT_REG26,0x41A68,5,0,0-0,0-0
HIGH_SG_SERDES,HSG0_SDS_EXT_REG27,0x41A6C,2,0,0-0,0-0
HIGH_SG_SERDES,HSG0_SDS_EXT_REG28,0x41A70,2,0,0-0,0-0
HIGH_SG_SERDES,HSG0_SDS_EXT_REG29,0x41A74,6,0,0-0,0-0
HIGH_SG_SERDES,HSG0_SDS_EXT_REG30,0x41A78,7,0,0-0,0-0
HIGH_SG_SERDES,HSG0_SDS_EXT_REG31,0x41A7C,4,0,0-0,0-0
HIGH_SG_SERDES,HSG0_FIB_REG0,0x41C00,13,0,0-0,0-0
HIGH_SG_SERDES,HSG0_FIB_REG1,0x41C04,8,0,0-0,0-0
HIGH_SG_SERDES,HSG0_FIB_REG2,0x41C08,2,0,0-0,0-0
HIGH_SG_SERDES,HSG0_FIB_REG3,0x41C0C,4,0,0-0,0-0
HIGH_SG_SERDES,HSG0_FIB_REG4,0x41C10,2,0,0-0,0-0
HIGH_SG_SERDES,HSG0_FIB_REG5,0x41C14,2,0,0-0,0-0
HIGH_SG_SERDES,HSG0_FIB_REG6,0x41C18,5,0,0-0,0-0
HIGH_SG_SERDES,HSG0_FIB_REG7,0x41C1C,2,0,0-0,0-0
HIGH_SG_SERDES,HSG0_FIB_REG8,0x41C20,2,0,0-0,0-0
HIGH_SG_SERDES,HSG0_FIB_REG13,0x41C34,4,0,0-0,0-0
HIGH_SG_SERDES,HSG0_FIB_REG14,0x41C38,2,0,0-0,0-0
HIGH_SG_SERDES,HSG0_FIB_REG15,0x41C3C,6,0,0-0,0-0
HIGH_SG_SERDES,HSG0_FIB_REG16,0x41C40,16,0,0-0,0-0
HIGH_SG_SERDES,HSG0_FIB_REG17,0x41C44,14,0,0-0,0-0
HIGH_SG_SERDES,HSG0_FIB_REG18,0x41C48,4,0,0-0,0-0
HIGH_SG_SERDES,HSG0_FIB_REG19,0x41C4C,2,0,0-0,0-0
HIGH_SG_SERDES,HSG0_FIB_REG20,0x41C50,2,0,0-0,0-0
HIGH_SG_SERDES,HSG0_FIB_REG21,0x41C54,2,0,0-0,0-0
HIGH_SG_SERDES,HSG0_FIB_REG22,0x41C58,2,0,0-0,0-0
HIGH_SG_SERDES,HSG0_FIB_REG23,0x41C5C,2,0,0-0,0-0
HIGH_SG_SERDES,HSG0_FIB_REG26,0x41C68,7,0,0-0,0-0
HIGH_SG_SERDES,HSG0_FIB_REG28,0x41C70,4,0,0-0,0-0
HIGH_SG_SERDES,HSG0_FIB_REG29,0x41C74,5,0,0-0,0-0
HIGH_SG_SERDES,HSG0_FIB_REG30,0x41C78,8,0,0-0,0-0
HIGH_SG_SERDES,HSG0_FIB_REG31,0x41C7C,3,0,0-0,0-0
HIGH_SG_SERDES,HSG0_FIB_EXT_REG0,0x41E00,13,0,0-0,0-0
HIGH_SG_SERDES,HSG0_FIB_EXT_REG1,0x41E04,8,0,0-0,0-0
HIGH_SG_SERDES,HSG0_FIB_EXT_REG2,0x41E08,2,0,0-0,0-0
HIGH_SG_SERDES,HSG0_FIB_EXT_REG3,0x41E0C,4,0,0-0,0-0
HIGH_SG_SERDES,HSG0_FIB_EXT_REG4,0x41E10,2,0,0-0,0-0
HIGH_SG_SERDES,HSG0_FIB_EXT_REG5,0x41E14,2,0,0-0,0-0
HIGH_SG_SERDES,HSG0_FIB_EXT_REG6,0x41E18,5,0,0-0,0-0
HIGH_SG_SERDES,HSG0_FIB_EXT_REG7,0x41E1C,2,0,0-0,0-0
HIGH_SG_SERDES,HSG0_FIB_EXT_REG8,0x41E20,2,0,0-0,0-0
HIGH_SG_SERDES,HSG0_FIB_EXT_REG13,0x41E34,4,0,0-0,0-0
HIGH_SG_SERDES,HSG0_FIB_EXT_REG14,0x41E38,2,0,0-0,0-0
HIGH_SG_SERDES,HSG0_FIB_EXT_REG15,0x41E3C,2,0,0-0,0-0
HIGH_SG_SERDES,HSG0_FIB_EXT_REG16,0x41E40,17,0,0-0,0-0
HIGH_SG_SERDES,HSG0_FIB_EXT_REG17,0x41E44,8,0,0-0,0-0
HIGH_SG_SERDES,HSG0_FIB_EXT_REG18,0x41E48,5,0,0-0,0-0
HIGH_SG_SERDES,HSG0_FIB_EXT_REG19,0x41E4C,9,0,0-0,0-0
HIGH_SG_SERDES,HSG0_FIB_EXT_REG20,0x41E50,7,0,0-0,0-0
HIGH_SG_SERDES,HSG0_FIB_EXT_REG21,0x41E54,9,0,0-0,0-0
HIGH_SG_SERDES,HSG0_FIB_EXT_REG22,0x41E58,8,0,0-0,0-0
HIGH_SG_SERDES,HSG0_FIB_EXT_REG23,0x41E5C,13,0,0-0,0-0
HIGH_SG_SERDES,HSG0_FIB_EXT_REG24,0x41E60,8,0,0-0,0-0
HIGH_SG_SERDES,HSG0_FIB_EXT_REG25,0x41E64,13,0,0-0,0-0
HIGH_SG_SERDES,HSG0_FIB_EXT_REG26,0x41E68,2,0,0-0,0-0
HIGH_SG_SERDES,HSG0_FIB_EXT_REG27,0x41E6C,4,0,0-0,0-0
HIGH_SG_SERDES,HSG0_FIB_EXT_REG28,0x41E70,2,0,0-0,0-0
HIGH_SG_SERDES,HSG0_FIB_EXT_REG29,0x41E74,2,0,0-0,0-0
HIGH_SG_SERDES,HSG0_FIB_EXT_REG30,0x41E78,2,0,0-0,0-0
HIGH_SG_SERDES,HSG0_FIB_EXT_REG31,0x41E7C,3,0,0-0,0-0
HIGH_SG_SERDES,WSDS_HSG1_ANA_00,0x42000,5,0,0-0,0-0
HIGH_SG_SERDES,WSDS_HSG1_ANA_01,0x42004,1,0,0-0,0-0
HIGH_SG_SERDES,WSDS_HSG1_ANA_02,0x42008,1,0,0-0,0-0
HIGH_SG_SERDES,WSDS_HSG1_ANA_03,0x4200C,2,0,0-0,0-0
HIGH_SG_SERDES,WSDS_HSG1_ANA_04,0x42010,2,0,0-0,0-0
HIGH_SG_SERDES,WSDS_HSG1_ANA_05,0x42014,2,0,0-0,0-0
HIGH_SG_SERDES,WSDS_HSG1_ANA_06,0x42018,2,0,0-0,0-0
HIGH_SG_SERDES,WSDS_HSG1_ANA_07,0x4201C,2,0,0-0,0-0
HIGH_SG_SERDES,WSDS_HSG1_ANA_08,0x42020,2,0,0-0,0-0
HIGH_SG_SERDES,WSDS_HSG1_ANA_09,0x42024,2,0,0-0,0-0
HIGH_SG_SERDES,WSDS_HSG1_ANA_0A,0x42028,2,0,0-0,0-0
HIGH_SG_SERDES,WSDS_HSG1_ANA_0B,0x4202C,2,0,0-0,0-0
HIGH_SG_SERDES,WSDS_HSG1_DIG_00,0x42030,2,0,0-0,0-0
HIGH_SG_SERDES,WSDS_HSG1_DIG_01,0x42034,7,0,0-0,0-0
HIGH_SG_SERDES,WSDS_HSG1_DIG_02,0x42038,2,0,0-0,0-0
HIGH_SG_SERDES,WSDS_HSG1_DIG_03,0x4203C,2,0,0-0,0-0
HIGH_SG_SERDES,WSDS_HSG1_DIG_04,0x42040,2,0,0-0,0-0
HIGH_SG_SERDES,HSG1_SDS_REG0,0x42800,15,0,0-0,0-0
HIGH_SG_SERDES,HSG1_SDS_REG1,0x42804,11,0,0-0,0-0
HIGH_SG_SERDES,HSG1_SDS_REG2,0x42808,9,0,0-0,0-0
HIGH_SG_SERDES,HSG1_SDS_REG3,0x4280C,10,0,0-0,0-0
HIGH_SG_SERDES,HSG1_SDS_REG4,0x42810,9,0,0-0,0-0
HIGH_SG_SERDES,HSG1_SDS_REG5,0x42814,12,0,0-0,0-0
HIGH_SG_SERDES,HSG1_SDS_REG6,0x42818,8,0,0-0,0-0
HIGH_SG_SERDES,HSG1_SDS_REG7,0x4281C,11,0,0-0,0-0
HIGH_SG_SERDES,HSG1_SDS_REG8,0x42820,9,0,0-0,0-0
HIGH_SG_SERDES,HSG1_SDS_REG9,0x42824,2,0,0-0,0-0
HIGH_SG_SERDES,HSG1_SDS_REG10,0x42828,13,0,0-0,0-0
HIGH_SG_SERDES,HSG1_SDS_REG11,0x4282C,2,0,0-0,0-0
HIGH_SG_SERDES,HSG1_SDS_REG12,0x42830,7,0,0-0,0-0
HIGH_SG_SERDES,HSG1_SDS_REG13,0x42834,6,0,0-0,0-0
HIGH_SG_SERDES,HSG1_SDS_REG14,0x42838,13,0,0-0,0-0
HIGH_SG_SERDES,HSG1_SDS_REG15,0x4283C,2,0,0-0,0-0
HIGH_SG_SERDES,HSG1_SDS_REG16,0x42840,2,0,0-0,0-0
HIGH_SG_SERDES,HSG1_SDS_REG17,0x42844,4,0,0-0,0-0
HIGH_SG_SERDES,HSG1_SDS_REG18,0x42848,2,0,0-0,0-0
HIGH_SG_SERDES,HSG1_SDS_REG19,0x4284C,2,0,0-0,0-0
HIGH_SG_SERDES,HSG1_SDS_REG20,0x42850,2,0,0-0,0-0
HIGH_SG_SERDES,HSG1_SDS_REG21,0x42854,2,0,0-0,0-0
HIGH_SG_SERDES,HSG1_SDS_REG22,0x42858,2,0,0-0,0-0
HIGH_SG_SERDES,HSG1_SDS_REG23,0x4285C,2,0,0-0,0-0
HIGH_SG_SERDES,HSG1_SDS_REG24,0x42860,2,0,0-0,0-0
HIGH_SG_SERDES,HSG1_SDS_REG25,0x42864,2,0,0-0,0-0
HIGH_SG_SERDES,HSG1_SDS_REG26,0x42868,3,0,0-0,0-0
HIGH_SG_SERDES,HSG1_SDS_REG27,0x4286C,2,0,0-0,0-0
HIGH_SG_SERDES,HSG1_SDS_REG28,0x42870,8,0,0-0,0-0
HIGH_SG_SERDES,HSG1_SDS_REG29,0x42874,2,0,0-0,0-0
HIGH_SG_SERDES,HSG1_SDS_REG30,0x42878,2,0,0-0,0-0
HIGH_SG_SERDES,HSG1_SDS_REG31,0x4287C,2,0,0-0,0-0
HIGH_SG_SERDES,HSG1_SDS_EXT_REG0,0x42A00,2,0,0-0,0-0
HIGH_SG_SERDES,HSG1_SDS_EXT_REG1,0x42A04,10,0,0-0,0-0
HIGH_SG_SERDES,HSG1_SDS_EXT_REG2,0x42A08,2,0,0-0,0-0
HIGH_SG_SERDES,HSG1_SDS_EXT_REG3,0x42A0C,3,0,0-0,0-0
HIGH_SG_SERDES,HSG1_SDS_EXT_REG4,0x42A10,2,0,0-0,0-0
HIGH_SG_SERDES,HSG1_SDS_EXT_REG5,0x42A14,2,0,0-0,0-0
HIGH_SG_SERDES,HSG1_SDS_EXT_REG6,0x42A18,2,0,0-0,0-0
HIGH_SG_SERDES,HSG1_SDS_EXT_REG7,0x42A1C,10,0,0-0,0-0
HIGH_SG_SERDES,HSG1_SDS_EXT_REG8,0x42A20,5,0,0-0,0-0
HIGH_SG_SERDES,HSG1_SDS_EXT_REG9,0x42A24,5,0,0-0,0-0
HIGH_SG_SERDES,HSG1_SDS_EXT_REG10,0x42A28,2,0,0-0,0-0
HIGH_SG_SERDES,HSG1_SDS_EXT_REG11,0x42A2C,16,0,0-0,0-0
HIGH_SG_SERDES,HSG1_SDS_EXT_REG12,0x42A30,13,0,0-0,0-0
HIGH_SG_SERDES,HSG1_SDS_EXT_REG13,0x42A34,5,0,0-0,0-0
HIGH_SG_SERDES,HSG1_SDS_EXT_REG14,0x42A38,7,0,0-0,0-0
HIGH_SG_SERDES,HSG1_SDS_EXT_REG15,0x42A3C,5,0,0-0,0-0
HIGH_SG_SERDES,HSG1_SDS_EXT_REG16,0x42A40,3,0,0-0,0-0
HIGH_SG_SERDES,HSG1_SDS_EXT_REG17,0x42A44,2,0,0-0,0-0
HIGH_SG_SERDES,HSG1_SDS_EXT_REG18,0x42A48,2,0,0-0,0-0
HIGH_SG_SERDES,HSG1_SDS_EXT_REG19,0x42A4C,2,0,0-0,0-0
HIGH_SG_SERDES,HSG1_SDS_EXT_REG20,0x42A50,17,0,0-0,0-0
HIGH_SG_SERDES,HSG1_SDS_EXT_REG21,0x42A54,2,0,0-0,0-0
HIGH_SG_SERDES,HSG1_SDS_EXT_REG22,0x42A58,2,0,0-0,0-0
HIGH_SG_SERDES,HSG1_SDS_EXT_REG23,0x42A5C,2,0,0-0,0-0
HIGH_SG_SERDES,HSG1_SDS_EXT_REG24,0x42A60,10,0,0-0,0-0
HIGH_SG_SERDES,HSG1_SDS_EXT_REG25,0x42A64,2,0,0-0,0-0
HIGH_SG_SERDES,HSG1_SDS_EXT_REG26,0x42A68,5,0,0-0,0-0
HIGH_SG_SERDES,HSG1_SDS_EXT_REG27,0x42A6C,2,0,0-0,0-0
HIGH_SG_SERDES,HSG1_SDS_EXT_REG28,0x42A70,2,0,0-0,0-0
HIGH_SG_SERDES,HSG1_SDS_EXT_REG29,0x42A74,6,0,0-0,0-0
HIGH_SG_SERDES,HSG1_SDS_EXT_REG30,0x42A78,7,0,0-0,0-0
HIGH_SG_SERDES,HSG1_SDS_EXT_REG31,0x42A7C,4,0,0-0,0-0
HIGH_SG_SERDES,HSG1_FIB_REG0,0x42C00,13,0,0-0,0-0
HIGH_SG_SERDES,HSG1_FIB_REG1,0x42C04,8,0,0-0,0-0
HIGH_SG_SERDES,HSG1_FIB_REG2,0x42C08,2,0,0-0,0-0
HIGH_SG_SERDES,HSG1_FIB_REG3,0x42C0C,4,0,0-0,0-0
HIGH_SG_SERDES,HSG1_FIB_REG4,0x42C10,2,0,0-0,0-0
HIGH_SG_SERDES,HSG1_FIB_REG5,0x42C14,2,0,0-0,0-0
HIGH_SG_SERDES,HSG1_FIB_REG6,0x42C18,5,0,0-0,0-0
HIGH_SG_SERDES,HSG1_FIB_REG7,0x42C1C,2,0,0-0,0-0
HIGH_SG_SERDES,HSG1_FIB_REG8,0x42C20,2,0,0-0,0-0
HIGH_SG_SERDES,HSG1_FIB_REG13,0x42C34,4,0,0-0,0-0
HIGH_SG_SERDES,HSG1_FIB_REG14,0x42C38,2,0,0-0,0-0
HIGH_SG_SERDES,HSG1_FIB_REG15,0x42C3C,6,0,0-0,0-0
HIGH_SG_SERDES,HSG1_FIB_REG16,0x42C40,16,0,0-0,0-0
HIGH_SG_SERDES,HSG1_FIB_REG17,0x42C44,14,0,0-0,0-0
HIGH_SG_SERDES,HSG1_FIB_REG18,0x42C48,4,0,0-0,0-0
HIGH_SG_SERDES,HSG1_FIB_REG19,0x42C4C,2,0,0-0,0-0
HIGH_SG_SERDES,HSG1_FIB_REG20,0x42C50,2,0,0-0,0-0
HIGH_SG_SERDES,HSG1_FIB_REG21,0x42C54,2,0,0-0,0-0
HIGH_SG_SERDES,HSG1_FIB_REG22,0x42C58,2,0,0-0,0-0
HIGH_SG_SERDES,HSG1_FIB_REG23,0x42C5C,2,0,0-0,0-0
HIGH_SG_SERDES,HSG1_FIB_REG26,0x42C68,7,0,0-0,0-0
HIGH_SG_SERDES,HSG1_FIB_REG28,0x42C70,4,0,0-0,0-0
HIGH_SG_SERDES,HSG1_FIB_REG29,0x42C74,5,0,0-0,0-0
HIGH_SG_SERDES,HSG1_FIB_REG30,0x42C78,8,0,0-0,0-0
HIGH_SG_SERDES,HSG1_FIB_REG31,0x42C7C,3,0,0-0,0-0
HIGH_SG_SERDES,HSG1_FIB_EXT_REG0,0x42E00,13,0,0-0,0-0
HIGH_SG_SERDES,HSG1_FIB_EXT_REG1,0x42E04,8,0,0-0,0-0
HIGH_SG_SERDES,HSG1_FIB_EXT_REG2,0x42E08,2,0,0-0,0-0
HIGH_SG_SERDES,HSG1_FIB_EXT_REG3,0x42E0C,4,0,0-0,0-0
HIGH_SG_SERDES,HSG1_FIB_EXT_REG4,0x42E10,2,0,0-0,0-0
HIGH_SG_SERDES,HSG1_FIB_EXT_REG5,0x42E14,2,0,0-0,0-0
HIGH_SG_SERDES,HSG1_FIB_EXT_REG6,0x42E18,5,0,0-0,0-0
HIGH_SG_SERDES,HSG1_FIB_EXT_REG7,0x42E1C,2,0,0-0,0-0
HIGH_SG_SERDES,HSG1_FIB_EXT_REG8,0x42E20,2,0,0-0,0-0
HIGH_SG_SERDES,HSG1_FIB_EXT_REG13,0x42E34,4,0,0-0,0-0
HIGH_SG_SERDES,HSG1_FIB_EXT_REG14,0x42E38,2,0,0-0,0-0
HIGH_SG_SERDES,HSG1_FIB_EXT_REG15,0x42E3C,2,0,0-0,0-0
HIGH_SG_SERDES,HSG1_FIB_EXT_REG16,0x42E40,17,0,0-0,0-0
HIGH_SG_SERDES,HSG1_FIB_EXT_REG17,0x42E44,8,0,0-0,0-0
HIGH_SG_SERDES,HSG1_FIB_EXT_REG18,0x42E48,5,0,0-0,0-0
HIGH_SG_SERDES,HSG1_FIB_EXT_REG19,0x42E4C,9,0,0-0,0-0
HIGH_SG_SERDES,HSG1_FIB_EXT_REG20,0x42E50,7,0,0-0,0-0
HIGH_SG_SERDES,HSG1_FIB_EXT_REG21,0x42E54,9,0,0-0,0-0
HIGH_SG_SERDES,HSG1_FIB_EXT_REG22,0x42E58,8,0,0-0,0-0
HIGH_SG_SERDES,HSG1_FIB_EXT_REG23,0x42E5C,13,0,0-0,0-0
HIGH_SG_SERDES,HSG1_FIB_EXT_REG24,0x42E60,8,0,0-0,0-0
HIGH_SG_SERDES,HSG1_FIB_EXT_REG25,0x42E64,13,0,0-0,0-0
HIGH_SG_SERDES,HSG1_FIB_EXT_REG26,0x42E68,2,0,0-0,0-0
HIGH_SG_SERDES,HSG1_FIB_EXT_REG27,0x42E6C,4,0,0-0,0-0
HIGH_SG_SERDES,HSG1_FIB_EXT_REG28,0x42E70,2,0,0-0,0-0
HIGH_SG_SERDES,HSG1_FIB_EXT_REG29,0x42E74,2,0,0-0,0-0
HIGH_SG_SERDES,HSG1_FIB_EXT_REG30,0x42E78,2,0,0-0,0-0
HIGH_SG_SERDES,HSG1_FIB_EXT_REG31,0x42E7C,3,0,0-0,0-0
POWER_SAVING,SW_PWRSAV_CTRL,0x2CC,8,0,0-0,0-0
POWER_SAVING,SW_PWRSAV_CTRL_1,0x23124,5,0,0-0,0-0
POWER_SAVING,LOW_QUEUE_TH,0x2D000,2,0,0-0,0-0
POWER_SAVING,HIGH_QUEUE_MSK,0x2D004,1,8,0-0,0-10
POWER_SAVING,PS_LINKID_GATCLK_CTRL,0x23128,3,0,0-0,0-0
POWER_SAVING,EEE_EEEP_PORT_CTRL,0x2000C,6,32,0-0,0-10
POWER_SAVING,EEE_MISC_CTRL0,0x2312C,5,0,0-0,0-0
POWER_SAVING,EEE_TX_MINIFG_CTRL0,0x23130,2,0,0-0,0-0
POWER_SAVING,EEE_TX_MINIFG_CTRL1,0x23134,2,0,0-0,0-0
POWER_SAVING,EEE_WAIT_RX_INACTIVE_CTRL,0x23138,7,0,0-0,0-0
POWER_SAVING,EEE_TX_TIMER_100M_CTRL,0x2313C,3,0,0-0,0-0
POWER_SAVING,EEE_TX_TIMER_GELITE_CTRL,0x23140,4,0,0-0,0-0
POWER_SAVING,EEE_TX_TIMER_GIGA_CTRL,0x23144,4,0,0-0,0-0
POWER_SAVING,EEE_TX_TIMER_2P5G_CTRL,0x23148,4,0,0-0,0-0
POWER_SAVING,LOW_QUEUE_MSK,0x2D010,1,8,0-0,0-10
ADDRESS_TABLE_LOOKUP,LUT_UNMATCHED_SA_CTRL,0x1C000,1,2,0-0,0-10
ADDRESS_TABLE_LOOKUP,LUT_UNKN_SA_CTRL,0x1C004,1,2,0-0,0-10
ADDRESS_TABLE_LOOKUP,LUT_UNMATCHED_VLAN_CTRL,0x1C008,1,1,0-0,0-10
ADDRESS_TABLE_LOOKUP,LUT_UNKN_UC_DA_CTRL,0x1C00C,1,2,0-0,0-10
ADDRESS_TABLE_LOOKUP,LUT_LEARN_OVER_CTRL,0x1C010,1,2,0-0,0-10
ADDRESS_TABLE_LOOKUP,LUT_CFG,0x17000,9,0,0-0,0-0
ADDRESS_TABLE_LOOKUP,LUT_AGEOUT_CTRL,0x17004,1,1,0-0,0-10
ADDRESS_TABLE_LOOKUP,LUT_LRN_LIMITNO,0x17008,1,12,0-0,0-10
ADDRESS_TABLE_LOOKUP,L2_LRN_CNT,0x17020,1,12,0-0,0-10
ADDRESS_TABLE_LOOKUP,L2_LRN_OVER_STS,0x1D024,1,1,0-0,0-10
ADDRESS_TABLE_LOOKUP,LUT_SYS_LRN_LIMITNO,0x17038,2,0,0-0,0-0
ADDRESS_TABLE_LOOKUP,L2_SYS_LRN_CNT,0x1703C,2,0,0-0,0-0
ADDRESS_TABLE_LOOKUP,L2_SYS_LRN_OVER_STS,0x1D028,2,0,0-0,0-0
ADDRESS_TABLE_LOOKUP,LUT_SYS_LRN_OVER_CTRL,0x17040,2,0,0-0,0-0
ADDRESS_TABLE_LOOKUP,LUT_SYS_LRN_LIMIT,0x1C014,1,1,0-0,0-10
ADDRESS_TABLE_LOOKUP,UNKN_L2_MC,0x1C018,1,2,0-0,0-10
ADDRESS_TABLE_LOOKUP,UNKN_IP4_MC,0x1C01C,1,2,0-0,0-10
ADDRESS_TABLE_LOOKUP,UNKN_IP6_MC,0x1C020,1,2,0-0,0-10
ADDRESS_TABLE_LOOKUP,UNKN_MC_CFG,0x1C024,7,0,0-0,0-0
ADDRESS_TABLE_LOOKUP,LUT_BC_FLOOD,0x1C028,1,1,0-0,0-10
ADDRESS_TABLE_LOOKUP,LUT_UNKN_MC_FLOOD,0x1C02C,1,1,0-0,0-10
ADDRESS_TABLE_LOOKUP,LUT_UNKN_UC_FLOOD,0x1C030,1,1,0-0,0-10
ADDRESS_TABLE_LOOKUP,LUT_BC_BEHAVE,0x1C034,1,2,0-0,0-10
ADDRESS_TABLE_LOOKUP,LUT_WAN_EN,0x1C038,1,1,0-0,0-10
ADDRESS_TABLE_LOOKUP,LUT_EXT_MBR,0x1C03C,1,18,0-31,0-0
ADDRESS_LEARNING_FLUSH,L2_TBL_FLUSH_CTRL,0x17044,7,0,0-0,0-0
ADDRESS_LEARNING_FLUSH,L2_TBL_FLUSH_EN,0x17048,1,1,0-0,0-10
L2_IP_MULTICAST,L2_IPMC_VLAN_LEAKY,0x1C0BC,1,1,0-0,0-10
L2_IP_MULTICAST,L2_IPMC_ISO_LEAKY,0x1C0C0,1,1,0-0,0-10
_IEEE802_1Q_VLAN,VLAN_PORT_ACCEPT_FRAME_TYPE,0x13000,1,2,0-0,0-10
_IEEE802_1Q_VLAN,VLAN_INGRESS,0x13004,1,1,0-0,0-10
_IEEE802_1Q_VLAN,VLAN_EGRESS_TAG,0x2A000,2,32,0-0,0-10
_IEEE802_1Q_VLAN,VLAN_CTRL,0x13008,6,0,0-0,0-0
_IEEE802_1Q_VLAN,VLAN_PB_VID,0x1300C,1,12,0-0,0-10
_IEEE802_1Q_VLAN,IP4MC_EGRESS_MODE,0x2A02C,1,2,0-0,0-10
_IEEE802_1Q_VLAN,IP6MC_EGRESS_MODE,0x2A030,1,2,0-0,0-10
_IEEE802_1Q_VLAN,VLAN_EXT_VID,0x13024,1,12,0-0,0-17
_IEEE802_1Q_VLAN,VLAN_EXT_MBR,0x13048,1,18,0-31,0-0
_IEEE802_1AD_PROVIDER_BRIDGES_Q_IN_Q,SVLAN_UPLINK_PMSK,0x2318C,1,1,0-0,0-10
_IEEE802_1AD_PROVIDER_BRIDGES_Q_IN_Q,SVLAN_SP2C,0x2A034,5,32,0-63,0-0
_IEEE802_1AD_PROVIDER_BRIDGES_Q_IN_Q,SVLAN_P_SVID,0x14000,1,12,0-0,0-10
_IEEE802_1AD_PROVIDER_BRIDGES_Q_IN_Q,SVLAN_EXT_SVID,0x14018,1,12,0-0,0-17
_IEEE802_1AD_PROVIDER_BRIDGES_Q_IN_Q,SVLAN_CTRL,0x1403C,8,0,0-0,0-0
_IEEE802_1AD_PROVIDER_BRIDGES_Q_IN_Q,SVLAN_CFG,0x23190,4,64,0-0,0-0
_IEEE802_1V_PROTOCOL_BASED_VLAN,VLAN_PPB_VLAN_VAL,0x130C8,3,32,0-3,0-0
_IEEE802_1V_PROTOCOL_BASED_VLAN,VLAN_PORT_PPB_VLAN,0x130D8,4,32,0-3,0-10
_IEEE802_1V_PROTOCOL_BASED_VLAN,VLAN_EXT_PPB_VLAN,0x13188,1,12,0-3,0-17
SPANNING_TREE,MSTI_CTRL,0x1704C,1,2,0-3,0-10
PORT_ISOLATION,PISO_PORT,0x27000,1,29,0-0,0-10
PORT_ISOLATION,PISO_EXT,0x2702C,1,29,0-17,0-0
RMA,RMA_CTRL00,0x1C0C4,6,0,0-0,0-0
RMA,RMA_CTRL01,0x1C0C8,6,0,0-0,0-0
RMA,RMA_CTRL02,0x1C0CC,6,0,0-0,0-0
RMA,RMA_CTRL03,0x1C0D0,6,0,0-0,0-0
RMA,RMA_CTRL04,0x1C0D4,6,0,0-0,0-0
RMA,RMA_CTRL08,0x1C0D8,6,0,0-0,0-0
RMA,RMA_CTRL0D,0x1C0DC,6,0,0-0,0-0
RMA,RMA_CTRL0E,0x1C0E0,6,0,0-0,0-0
RMA,RMA_CTRL10,0x1C0E4,6,0,0-0,0-0
RMA,RMA_CTRL11,0x1C0E8,6,0,0-0,0-0
RMA,RMA_CTRL12,0x1C0EC,6,0,0-0,0-0
RMA,RMA_CTRL13,0x1C0F0,6,0,0-0,0-0
RMA,RMA_CTRL18,0x1C0F4,6,0,0-0,0-0
RMA,RMA_CTRL1A,0x1C0F8,6,0,0-0,0-0
RMA,RMA_CTRL20,0x1C0FC,6,0,0-0,0-0
RMA,RMA_CTRL21,0x1C100,6,0,0-0,0-0
RMA,RMA_CTRL22,0x1C104,6,0,0-0,0-0
RMA,RMA_CTRL_CDP,0x1C108,6,0,0-0,0-0
RMA,RMA_CTRL_SSTP,0x1C10C,6,0,0-0,0-0
RMA,RMA_CFG,0x1C110,2,0,0-0,0-0
L2_MISC_,L2_SRC_PORT_PERMIT,0x1C114,1,1,0-0,0-10
L2_MISC_,L2_SRC_EXT_PERMIT,0x1C118,1,1,0-17,0-0
L2_MISC_,L2_CFG,0x17078,3,0,0-0,0-0
STORM_CONTROL_B_M_UM_DLF_,STORM_CTRL_UM_CTRL,0x1707C,1,1,0-0,0-10
STORM_CONTROL_B_M_UM_DLF_,STORM_CTRL_UC_CTRL,0x17080,1,1,0-0,0-10
STORM_CONTROL_B_M_UM_DLF_,STORM_CTRL_MC_CTRL,0x17084,1,1,0-0,0-10
STORM_CONTROL_B_M_UM_DLF_,STORM_CTRL_BC_CTRL,0x17088,1,1,0-0,0-10
STORM_CONTROL_B_M_UM_DLF_,STORM_CTRL_UM_METER_IDX,0x1708C,1,6,0-0,0-10
STORM_CONTROL_B_M_UM_DLF_,STORM_CTRL_UC_METER_IDX,0x17098,1,6,0-0,0-10
STORM_CONTROL_B_M_UM_DLF_,STORM_CTRL_MC_METER_IDX,0x170A4,1,6,0-0,0-10
STORM_CONTROL_B_M_UM_DLF_,STORM_CTRL_BC_METER_IDX,0x170B0,1,6,0-0,0-10
STORM_CONTROL_B_M_UM_DLF_,STORM_CTRL_ARP_CTRL,0x170BC,1,1,0-0,0-10
STORM_CONTROL_B_M_UM_DLF_,STORM_CTRL_DHCP_CTRL,0x170C0,1,1,0-0,0-10
STORM_CONTROL_B_M_UM_DLF_,STORM_CTRL_IGMPMLD_CTRL,0x170C4,1,1,0-0,0-10
STORM_CONTROL_B_M_UM_DLF_,STORM_CTRL_ARP_METER_IDX,0x170C8,1,6,0-0,0-10
STORM_CONTROL_B_M_UM_DLF_,STORM_CTRL_DHCP_METER_IDX,0x170D4,1,6,0-0,0-10
STORM_CONTROL_B_M_UM_DLF_,STORM_CTRL_IGMPMLD_METER_IDX,0x170E0,1,6,0-0,0-10
STORM_CONTROL_B_M_UM_DLF_,HOST_POLICE_CTRL,0x1C11C,12,64,0-31,0-0
BANDWIDTH_CONTROL_INGRESS_EGRESS_,IGR_BWCTRL_P_CTRL,0x20010,4,32,0-0,0-10
BANDWIDTH_CONTROL_INGRESS_EGRESS_,IGR_BWCTRL_GLB_CTRL,0x23198,2,0,0-0,0-0
METER_MARKER,METER_TB_CTRL,0x25000,4,0,0-0,0-0
METER_MARKER,METER_GLB_CTRL,0x25004,6,64,0-47,0-0
METER_MARKER,METER_LB_EXCEED_STS,0x25184,1,1,0-47,0-0
METER_MARKER,METER_PKT_RATE,0x2518C,2,0,0-0,0-0
DENIAL_OF_SERVICE_ATTACK_PREVENTION,DOS_EN,0x26000,1,1,0-0,0-10
DENIAL_OF_SERVICE_ATTACK_PREVENTION,DOS_CFG,0x26004,32,0,0-0,0-0
DENIAL_OF_SERVICE_ATTACK_PREVENTION,DOS_SYNFLOOD_TH,0x26008,2,0,0-0,0-0
DENIAL_OF_SERVICE_ATTACK_PREVENTION,DOS_FINFLOOD_TH,0x2600C,2,0,0-0,0-0
DENIAL_OF_SERVICE_ATTACK_PREVENTION,DOS_ICMPFLOOD_TH,0x26010,2,0,0-0,0-0
MIRRORING,MIR_CTRL,0x1C21C,7,0,0-0,0-0
STATISTIC_COUNTERS,STAT_PRIVATE_REASON,0x1C220,1,11,0-0,0-10
STATISTIC_COUNTERS,STAT_ACL_REASON,0x15000,1,8,0-5,0-0
STATISTIC_COUNTERS,STAT_CF_REASON,0x16000,2,0,0-0,0-0
STATISTIC_COUNTERS,STAT_PORT_TX_MIB,0x32000,27,1024,0-0,0-11
STATISTIC_COUNTERS,STAT_PORT_RX_MIB,0x32600,23,1024,0-0,0-11
STATISTIC_COUNTERS,STAT_PORT_OAM_MIB,0x32C00,2,64,0-0,0-11
STATISTIC_COUNTERS,STAT_ACL_CNT,0x32C80,1,32,0-63,0-0
STATISTIC_COUNTERS,STAT_CTRL,0x34000,5,0,0-0,0-0
STATISTIC_COUNTERS,STAT_ACL_CNT_MODE,0x34004,1,1,0-31,0-0
STATISTIC_COUNTERS,STAT_ACL_CNT_TYPE,0x34008,1,1,0-31,0-0
STATISTIC_COUNTERS,STAT_ACL_CNT_RST,0x3400C,1,1,0-63,0-0
STATISTIC_COUNTERS,STAT_PORT_RST,0x34014,1,1,0-0,0-11
STATISTIC_COUNTERS,STAT_RST,0x34018,5,0,0-0,0-0
STATISTIC_COUNTERS,STAT_RST_CFG,0x3401C,6,0,0-0,0-0
STATISTIC_COUNTERS,DOT3_Q_TX_FRAMES,0x32D80,1,32,0-63,0-0
STATISTIC_COUNTERS,DOT3_MPCP_RX_DISC,0x32E80,1,0,0-0,0-0
STATISTIC_COUNTERS,DOT3_EPON_FEC_CORRECTED_BLOCKS,0x32E84,1,0,0-0,0-0
STATISTIC_COUNTERS,DOT3_EPON_FEC_UNCORRECTED_BLOCKS,0x32E88,1,0,0-0,0-0
STATISTIC_COUNTERS,DOT3_EPON_FEC_CODING_VIO,0x32E8C,1,0,0-0,0-0
STATISTIC_COUNTERS,DOT3_NOT_BROADCAST_BIT_NOT_ONU_LLID,0x32E90,1,0,0-0,0-0
STATISTIC_COUNTERS,DOT3_BROADCAST_BIT_PLUS_ONU_LLID,0x32E94,1,0,0-0,0-0
STATISTIC_COUNTERS,DOT3_BROADCAST_NOT_ONUID,0x32E98,1,0,0-0,0-0
STATISTIC_COUNTERS,DOT3_CRC8_ERRORS,0x32E9C,1,0,0-0,0-0
STATISTIC_COUNTERS,DOT3_NOT_BROADCAST_LLID_7FFF,0x32EA0,1,0,0-0,0-0
STATISTIC_COUNTERS,DOT3_LLID_RX_BROADCAST_DROP_FRAMES,0x32EA4,1,0,0-0,0-0
STATISTIC_COUNTERS,DOT3_MPCP_TX_REG_ACK,0x32EA8,1,0,0-0,0-0
STATISTIC_COUNTERS,DOT3_MPCP_TX_REPORT,0x32EAC,1,32,0-7,0-0
STATISTIC_COUNTERS,DOT3_MPCP_RX_GATE,0x32ECC,1,32,0-7,0-0
STATISTIC_COUNTERS,DS_FEC_CORRECTED_BLOCKS,0x32EEC,1,0,0-0,0-0
STATISTIC_COUNTERS,DS_FEC_UNCORRECTED_BLOCKS,0x32EF0,1,0,0-0,0-0
STATISTIC_COUNTERS,DOT3_ONUID_NOT_BROADCAST,0x32EF4,1,32,0-7,0-0
STATISTIC_COUNTERS,STAT_DOT3_LLIDRXFRAMESDROP,0x32F14,1,32,0-7,0-0
STATISTIC_COUNTERS,DOT3_MPCP_TX_REG_REQ,0x32F34,1,0,0-0,0-0
STATISTIC_COUNTERS,OMCI_DROP_PKT_CNT,0x32F38,1,0,0-0,0-0
STATISTIC_COUNTERS,OMCI_TX_PKT_CNT,0x32F3C,1,0,0-0,0-0
STATISTIC_COUNTERS,OMCI_RX_PKT_CNT,0x32F40,1,0,0-0,0-0
STATISTIC_COUNTERS,OMCI_TX_BYTE_CNT,0x32F44,1,0,0-0,0-0
STATISTIC_COUNTERS,OMCI_RX_BYTE_CNT,0x32F48,1,0,0-0,0-0
STATISTIC_COUNTERS,OMCI_CRC_ERROR_PKT_CNT,0x32F4C,1,0,0-0,0-0
STATISTIC_COUNTERS,STAT_BRIDGE_DOT1DTPLEARNEDENTRYDISCARDS,0x32F50,1,0,0-0,0-0
STATISTIC_COUNTERS,STAT_L34_MIB_UC,0x32F80,6,192,0-15,0-0
STATISTIC_COUNTERS,STAT_L34_MIB_MC,0x33100,6,192,0-15,0-0
STATISTIC_COUNTERS,STAT_L34_MIB_BC,0x33280,6,192,0-15,0-0
STATISTIC_COUNTERS,STAT_HOST_TX_MIB,0x33400,2,64,0-31,0-0
STATISTIC_COUNTERS,STAT_HOST_RX_MIB,0x33500,2,64,0-31,0-0
STATISTIC_COUNTERS,STAT_L34_FLOW_MIB,0x33800,6,192,0-31,0-0
STATISTIC_COUNTERS,STAT_L34_RST,0x34020,1,1,0-15,0-0
STATISTIC_COUNTERS,STAT_HOST_RST,0x34024,1,1,0-31,0-0
STATISTIC_COUNTERS,STAT_L34_MC_RST,0x34028,1,1,0-15,0-0
STATISTIC_COUNTERS,STAT_L34_BC_RST,0x3402C,1,1,0-15,0-0
FLOWCONTROL_BACKPRESSURE_THRESHOLD,FC_DROP_ALL_TH,0x2319C,2,0,0-0,0-0
FLOWCONTROL_BACKPRESSURE_THRESHOLD,FC_PAUSE_ALL_TH,0x231A0,2,0,0-0,0-0
FLOWCONTROL_BACKPRESSURE_THRESHOLD,FC_GLB_FCOFF_HI_TH,0x231A4,4,0,0-0,0-0
FLOWCONTROL_BACKPRESSURE_THRESHOLD,FC_GLB_FCOFF_LO_TH,0x231A8,4,0,0-0,0-0
FLOWCONTROL_BACKPRESSURE_THRESHOLD,FC_GLB_HI_TH,0x231AC,4,0,0-0,0-0
FLOWCONTROL_BACKPRESSURE_THRESHOLD,FC_GLB_LO_TH,0x231B0,4,0,0-0,0-0
FLOWCONTROL_BACKPRESSURE_THRESHOLD,FC_P_HI_TH,0x231B4,4,0,0-0,0-0
FLOWCONTROL_BACKPRESSURE_THRESHOLD,FC_P_LO_TH,0x231B8,4,0,0-0,0-0
FLOWCONTROL_BACKPRESSURE_THRESHOLD,FC_P_FCOFF_HI_TH,0x231BC,4,0,0-0,0-0
FLOWCONTROL_BACKPRESSURE_THRESHOLD,FC_P_FCOFF_LO_TH,0x231C0,4,0,0-0,0-0
FLOWCONTROL_BACKPRESSURE_THRESHOLD,FC_Q_EGR_DROP_TH,0x2D01C,1,10,0-7,0-0
FLOWCONTROL_BACKPRESSURE_THRESHOLD,FC_P_EGR_DROP_TH,0x2D028,1,10,0-0,0-10
FLOWCONTROL_BACKPRESSURE_THRESHOLD,FC_P_Q_EGR_FC_EN,0x1C238,1,1,0-7,0-10
FLOWCONTROL_BACKPRESSURE_THRESHOLD,PON_FC_P_Q_EGR_FC_EN,0x1C264,1,1,0-7,0-10
FLOWCONTROL_BACKPRESSURE_THRESHOLD,FC_DBG_CTRL,0x2D038,6,0,0-0,0-0
FLOWCONTROL_BACKPRESSURE_THRESHOLD,CLR_MAX_USED_PAGE_CNT,0x231C4,2,0,0-0,0-0
FLOWCONTROL_BACKPRESSURE_THRESHOLD,FC_TOTAL_PAGE_CNT,0x2D03C,2,0,0-0,0-0
FLOWCONTROL_BACKPRESSURE_THRESHOLD,FC_PE_USED_PAGE_CNT,0x2D040,4,32,0-0,0-10
FLOWCONTROL_BACKPRESSURE_THRESHOLD,FC_Q_USED_PAGE_CNT,0x2D06C,4,32,0-7,0-10
FLOWCONTROL_BACKPRESSURE_THRESHOLD,FC_TL_USED_PAGE_CNT,0x231C8,4,0,0-0,0-0
FLOWCONTROL_BACKPRESSURE_THRESHOLD,FC_PUB_USED_PAGE_CNT,0x231CC,4,0,0-0,0-0
FLOWCONTROL_BACKPRESSURE_THRESHOLD,FC_PUB_FCOFF_USED_PAGE_CNT,0x231D0,4,0,0-0,0-0
FLOWCONTROL_BACKPRESSURE_THRESHOLD,FC_P_USED_PAGE_CNT,0x231D4,4,32,0-0,0-10
FLOWCONTROL_BACKPRESSURE_THRESHOLD,FC_PON_GLB_HI_TH,0x23200,4,0,0-0,0-0
FLOWCONTROL_BACKPRESSURE_THRESHOLD,FC_PON_GLB_LO_TH,0x23204,4,0,0-0,0-0
FLOWCONTROL_BACKPRESSURE_THRESHOLD,FC_PON_P_HI_TH,0x23208,4,0,0-0,0-0
FLOWCONTROL_BACKPRESSURE_THRESHOLD,FC_PON_P_LO_TH,0x2320C,4,0,0-0,0-0
FLOWCONTROL_BACKPRESSURE_THRESHOLD,FC_PON_Q_EGR_FC_EN,0x23210,1,1,0-127,0-0
FLOWCONTROL_BACKPRESSURE_THRESHOLD,TH_TX_PREFET,0x2D1CC,2,0,0-0,0-0
FLOWCONTROL_BACKPRESSURE_THRESHOLD,SPG_GLB_CTRL,0x23220,2,0,0-0,0-0
CONGESTION_AVOIDANCE,SC_P_CTRL_0,0x20014,6,32,0-0,0-10
CONGESTION_AVOIDANCE,SC_P_CTRL_1,0x1D02C,2,0,0-0,0-0
QUEUE_MANAGEMENT,QOS_INTPRI_TO_QID,0x1C290,1,3,0-7,0-3
QUEUE_MANAGEMENT,QOS_PORT_QMAP_CTRL,0x1C2A0,1,2,0-0,0-10
QUEUE_MANAGEMENT,EPON_LLID_SIDMAP_CTRL,0x1C2A4,1,2,0-7,0-0
QUEUE_MANAGEMENT,QOS_UNI_TRAP_PRI_CTRL,0x1C2A8,3,0,0-0,0-0
INGRESS_PRIORITY_DECISION,QOS_1Q_PRI_REMAP,0x1C2AC,1,3,0-7,0-0
INGRESS_PRIORITY_DECISION,QOS_DSCP_REMAP,0x1C2B0,1,3,0-63,0-0
INGRESS_PRIORITY_DECISION,QOS_PB_PRI,0x1C2CC,1,3,0-0,0-10
INGRESS_PRIORITY_DECISION,PRI_SEL_TBL_CTRL,0x1C2D4,6,32,0-3,0-0
INGRESS_PRIORITY_DECISION,PRI_SEL_TBL_CFG,0x1C2E4,1,2,0-0,0-10
INGRESS_PRIORITY_DECISION,QOS_PRI_REMAP_IN_CPU,0x1C2E8,1,3,0-7,0-0
REMARKING,RMK_DOT1Q_RMK_EN_CTRL,0x2A134,1,1,0-0,0-10
REMARKING,RMK_1Q_CTRL,0x2A138,1,3,0-7,0-0
REMARKING,RMK_DSCP_RMK_EN_CTRL,0x23224,1,1,0-0,0-10
REMARKING,RMK_DSCP_CTRL,0x11054,1,6,0-63,0-0
REMARKING,RMK_DSCP_INT_PRI_CTRL,0x2A13C,1,6,0-7,0-0
REMARKING,RMK_P_DSCP_SEL,0x2A144,1,1,0-0,0-10
REMARKING,RMK_P_1P_SEL,0x2A148,1,1,0-0,0-10
SCHEDULING,WFQ_CTRL,0x2D800,4,0,0-0,0-0
SCHEDULING,EGR_BWCTRL_P_CTRL,0x2D804,3,32,0-0,0-10
SCHEDULING,LINE_RATE_1G,0x2D830,2,0,0-0,0-0
SCHEDULING,LINE_RATE_500M,0x2D834,2,0,0-0,0-0
SCHEDULING,LINE_RATE_100M,0x2D838,2,0,0-0,0-0
SCHEDULING,LINE_RATE_10M,0x2D83C,2,0,0-0,0-0
SCHEDULING,OUTPUT_DROP_CFG,0x11088,4,0,0-0,0-0
SCHEDULING,OUTPUT_DROP_EN,0x1108C,1,1,0-0,0-10
SCHEDULING,WFQ_PORT_CFG0,0x2D840,1,16,0-0,0-10
SCHEDULING,WFQ_PORT_CFG1_7,0x2D858,1,10,1-7,0-10
SCHEDULING,WFQ_TYPE_PORT_CFG,0x2D8DC,1,1,0-7,0-10
SCHEDULING,APR_EN_PORT_CFG,0x2D908,1,1,0-7,0-10
SCHEDULING,APR_METER_PORT_CFG,0x2D934,1,3,0-7,0-10
SCHEDULING,P_QUEUE_EMPTY,0x2D1D0,2,0,0-0,0-0
SCHEDULING,MOCIR_BPT,0x2D960,2,0,0-0,0-0
SCHEDULING,BYTE_TOKEN_METER,0x2D964,2,0,0-0,0-0
SCHEDULING,SCH_DUMMY0,0x2D968,2,0,0-0,0-0
SCHEDULING,HYS_GAP_OUTQ,0x2D1D4,4,0,0-0,0-0
SCHEDULING,LINE_RATE_2500M_0,0x2D96C,3,0,0-0,0-0
SCHEDULING,LINE_RATE_2500M_1,0x2D970,3,0,0-0,0-0
SCHEDULING,SCH_WFQ_OPT,0x2D974,5,0,0-0,0-0
PIE_TEMPLATE,ACL_TEMPLATE_CTRL,0x15008,1,7,0-7,0-7
FLOW_CLASSIFICATION_FLOW_TABLE_,CF_CFG,0x16004,3,0,0-0,0-0
FLOW_CLASSIFICATION_FLOW_TABLE_,CF_TEMPLATE_SEL,0x16008,1,2,0-255,0-0
FLOW_CLASSIFICATION_FLOW_TABLE_,CF_EN,0x16048,1,1,0-0,0-10
INGRESS_ACL,ACL_EN,0x15048,1,1,0-0,0-10
INGRESS_ACL,ACL_PERMIT,0x1504C,1,1,0-0,0-10
INGRESS_ACL,ACL_ACTION,0x15050,8,32,0-127,0-0
INGRESS_ACL,ACL_CFG,0x15250,2,0,0-0,0-0
RANGE_CHECK_PORT_VLAN_IP_L4PORT_,RNG_CHK_VID_RNG,0x15254,4,32,0-15,0-0
RANGE_CHECK_PORT_VLAN_IP_L4PORT_,RNG_CHK_IP_RNG,0x15294,10,288,0-15,0-0
RANGE_CHECK_PORT_VLAN_IP_L4PORT_,RNG_CHK_L4PORT_RNG,0x154D4,4,64,0-15,0-0
RANGE_CHECK_PORT_VLAN_IP_L4PORT_,RNG_CHK_PKTLEN_RNG,0x15554,4,32,0-7,0-0
OAM,OAM_P_CTRL_0,0x170EC,1,2,0-0,0-10
OAM,OAM_P_CTRL_1,0x170F0,1,1,0-0,0-10
OAM,OAM_CTRL_0,0x1C2EC,2,0,0-0,0-0
OAM,OAM_P_EN,0x170F4,1,1,0-0,0-10
RLDP,RLDP_CTRL_0,0x23228,2,0,0-0,0-0
RLDP,RLDP_CTRL_1,0x1A000,2,0,0-0,0-0
RLDP,RLDP_CHK_STS_CTRL,0x1A004,3,0,0-0,0-0
RLDP,RLDP_LP_STS_CTRL,0x1A008,3,0,0-0,0-0
RLDP,RLDP_RNDM_NUM,0x1A00C,3,64,0-0,0-0
RLDP,RLDP_MAGIC_NUM,0x1A014,3,64,0-0,0-0
RLDP,RLDP_PORT_TX_EN,0x1A01C,1,1,0-0,0-4
RLDP,RLDP_PORT_LP_ENTER_STS,0x1A020,1,1,0-0,0-4
RLDP,RLDP_PORT_LP_LEAVE_STS,0x1A024,1,1,0-0,0-4
RLDP,RLDP_PORT_LP_STS,0x1A028,1,1,0-0,0-4
RLDP,RLDP_PORT_LP_PNUM,0x1A02C,1,4,0-0,0-4
PARSER_HSB,HSB_CFG,0x11090,3,0,0-0,0-0
PARSER_HSB,HSB_CTRL,0x28000,9,64,0-0,0-0
PARSER_HSB,HSB_DATA,0x28040,1,32,0-26,0-0
PARSER_HSB,HSB_PARSER,0x280C0,1,32,0-2,0-0
MODIFIER_HSA,HSA_DATA,0x28100,1,32,0-22,0-0
MODIFIER_HSA,HSD_DATA,0x2A14C,1,32,0-15,0-0
MODIFIER_HSA,HSD_CFG,0x2A18C,6,0,0-0,0-0
MODIFIER_HSA,EXTRA_TAG_INFO,0x2A190,2,32,0-6,0-0
MODIFIER_HSA,HSM_DATA,0x2815C,1,32,0-29,0-0
MODIFIER_HSA,FBHSA_DATA,0x281D4,1,32,0-22,0-0
MODIFIER_HSA,FBHSA_CTRL,0x28230,11,64,0-0,0-0
DEBUGGING_ALE_LOOPBACK_DROP_MECHANISM_FC_AND_QM_,PORT_VM_EN,0x20018,2,32,0-0,0-10
DEBUGGING_ALE_LOOPBACK_DROP_MECHANISM_FC_AND_QM_,PORT_VM_RX,0x2001C,3,32,0-0,0-10
DEBUGGING_ALE_LOOPBACK_DROP_MECHANISM_FC_AND_QM_,PORT_VM_TX,0x20020,3,32,0-0,0-10
IGMP_SNOOPING,IGMP_MC_GROUP,0x1C2F0,7,64,0-63,0-0
IGMP_SNOOPING,IGMP_GLB_CTRL,0x11094,6,0,0-0,0-0
IGMP_SNOOPING,IGMP_P_CTRL,0x11098,7,32,0-0,0-10
L3_MISC,FB_IPID_TBL,0x110C4,2,32,0-15,0-0
TABLE_ACCESS,TBL_ACCESS_CTRL,0x12000,7,0,0-0,0-0
TABLE_ACCESS,TBL_ACCESS_STS,0x12004,5,0,0-0,0-0
TABLE_ACCESS,TBL_ACCESS_WR_DATA,0x12008,1,32,0-4,0-0
TABLE_ACCESS,TBL_ACCESS_RD_DATA,0x1201C,1,32,0-4,0-0
PTP_PRECISION_TIME_PROTOCOL_,PTP_TIME_SEC,0x1B000,3,64,0-0,0-0
PTP_PRECISION_TIME_PROTOCOL_,PTP_TIME_NSEC,0x1B008,4,0,0-0,0-0
PTP_PRECISION_TIME_PROTOCOL_,PTP_TIME_OFFSET_SEC,0x1B00C,3,64,0-0,0-0
PTP_PRECISION_TIME_PROTOCOL_,PTP_TIME_OFFSET_8NSEC,0x1B014,3,0,0-0,0-0
PTP_PRECISION_TIME_PROTOCOL_,PTP_TIME_FREQ,0x1B018,2,0,0-0,0-0
PTP_PRECISION_TIME_PROTOCOL_,PTP_TIME_CTRL,0x1B01C,5,0,0-0,0-0
PTP_PRECISION_TIME_PROTOCOL_,PTP_TRANSPARENT_CFG,0x11104,1,1,0-0,0-10
PTP_PRECISION_TIME_PROTOCOL_,PTP_IGR_MSG_ACT,0x11108,1,2,0-9,0-0
PTP_PRECISION_TIME_PROTOCOL_,PTP_EGR_MSG_ACT,0x1110C,1,2,0-9,0-0
PTP_PRECISION_TIME_PROTOCOL_,PTP_MEANPATH_DELAY,0x1B020,2,0,0-0,0-0
PTP_PRECISION_TIME_PROTOCOL_,PTP_RX_TIME,0x11110,5,64,0-0,0-0
PTP_PRECISION_TIME_PROTOCOL_,PTP_P_EN,0x11118,2,32,0-0,0-10
PTP_PRECISION_TIME_PROTOCOL_,PTP_PON_TOD_SEC,0x1B024,3,64,0-0,0-0
PTP_PRECISION_TIME_PROTOCOL_,PTP_PON_TOD_NSEC,0x1B02C,3,0,0-0,0-0
PTP_PRECISION_TIME_PROTOCOL_,PTP_P_TX_IND,0x20024,2,32,0-0,0-10
PARSER,PARSER_FIELD_SELTOR_CTRL,0x2322C,3,32,0-7,0-0
PON_MAC_SCHEDULING_CONFIG,PON_TRAP_CFG,0x11144,2,0,0-0,0-0
PON_MAC_SCHEDULING_CONFIG,RX_SID_GOOD_CNT_US,0xF02038,1,32,0-4,0-0
PON_MAC_SCHEDULING_CONFIG,RX_ERR_CNT_US,0xF0204C,1,0,0-0,0-0
PON_MAC_SCHEDULING_CONFIG,RX_SID_BAD_CNT_US,0xF02050,1,32,0-4,0-0
PON_MAC_SCHEDULING_CONFIG,TX_SID_CNT_US,0xF02064,1,32,0-4,0-0
PON_MAC_SCHEDULING_CONFIG,TX_SID_FRAG_CNT_US,0xF02078,1,32,0-4,0-0
PON_MAC_SCHEDULING_CONFIG,TX_EMPTY_EOB_US,0xF0208C,1,0,0-0,0-0
PON_MAC_SCHEDULING_CONFIG,RX_SID_CNT_US,0xF02090,1,32,0-4,0-0
PON_MAC_SCHEDULING_CONFIG,CNT_MASK_US,0xF020A4,1,1,0-127,0-3
PON_MAC_SCHEDULING_CONFIG,RX_DROP_CNT_US,0xF020E4,1,0,0-0,0-0
PON_MAC_SCHEDULING_CONFIG,RX_SID_GOOD_CNT_DS,0xF0A020,1,32,0-4,0-0
PON_MAC_SCHEDULING_CONFIG,RX_SID_BAD_CNT_DS,0xF0A034,1,32,0-4,0-0
PON_MAC_SCHEDULING_CONFIG,RX_SID_FRAG_CNT_DS,0xF0A048,1,32,0-4,0-0
PON_MAC_SCHEDULING_CONFIG,RX_DROP_CNT_DS,0xF0A05C,1,0,0-0,0-0
PON_MAC_SCHEDULING_CONFIG,RX_ERR_CNT_DS,0xF0A060,1,0,0-0,0-0
PON_MAC_SCHEDULING_CONFIG,TX_SID_CNT_DS,0xF0A064,1,32,0-4,0-0
PON_MAC_SCHEDULING_CONFIG,CNT_MASK_DS,0xF0A078,1,1,0-127,0-3
PON_MAC_SCHEDULING_CONFIG,RX_STS_DS,0xF0A0B8,4,0,0-0,0-0
PON_MAC_SCHEDULING_CONFIG,PON_LX_MON_SAMPLE,0xF00000,6,0,0-0,0-0
PON_MAC_SCHEDULING_CONFIG,PON_LX_MON_PERIOD,0xF00004,4,0,0-0,0-0
PON_MAC_SCHEDULING_CONFIG,PON_LX_MON_STSCTRL,0xF00008,3,0,0-0,0-0
PON_MAC_SCHEDULING_CONFIG,PON_LX_MON_STS_0,0xF0000C,2,0,0-0,0-0
PON_MAC_SCHEDULING_CONFIG,PON_LX_MON_STS_1,0xF00010,2,0,0-0,0-0
PON_MAC_SCHEDULING_CONFIG,PON_LX_MON_STS_2,0xF00014,2,0,0-0,0-0
PON_MAC_SCHEDULING_CONFIG,PON_LX_MON_STS_3,0xF00018,2,0,0-0,0-0
PON_MAC_SCHEDULING_CONFIG,PON_LX_MON_STS_4,0xF0001C,2,0,0-0,0-0
PON_MAC_SCHEDULING_CONFIG,PON_LX_MON_STS_5,0xF00020,2,0,0-0,0-0
PON_MAC_SCHEDULING_CONFIG,PON_LX_MON_STS_6,0xF00024,2,0,0-0,0-0
PON_MAC_SCHEDULING_CONFIG,PON_LX_MON_STS_7,0xF00028,2,0,0-0,0-0
PON_MAC_SCHEDULING_CONFIG,PON_LX_MON_STS_8,0xF0002C,2,0,0-0,0-0
PON_MAC_SCHEDULING_CONFIG,PON_LX_MON_STS_9,0xF00030,2,0,0-0,0-0
PON_MAC_SCHEDULING_CONFIG,PON_LX_MON_STS_10,0xF00034,2,0,0-0,0-0
PON_MAC_SCHEDULING_CONFIG,PON_LX_MON_STS_11,0xF00038,2,0,0-0,0-0
PON_MAC_SCHEDULING_CONFIG,PON_LX_MON_STS_12,0xF0003C,2,0,0-0,0-0
PON_MAC_SCHEDULING_CONFIG,PON_LX_MON_STS_13,0xF00040,2,0,0-0,0-0
PON_MAC_SCHEDULING_CONFIG,PON_LX_MON_STS_14,0xF00044,2,0,0-0,0-0
PON_MAC_SCHEDULING_CONFIG,PON_LX_MON_STS_15,0xF00048,2,0,0-0,0-0
PON_MAC_SCHEDULING_CONFIG,PON_LX_MON_STS_16,0xF0004C,2,0,0-0,0-0
PON_MAC_SCHEDULING_CONFIG,PON_LX_MON_STS_17,0xF00050,2,0,0-0,0-0
PON_MAC_SCHEDULING_CONFIG,PON_LX_MON_STS_18,0xF00054,2,0,0-0,0-0
PON_MAC_SCHEDULING_CONFIG,PON_LX_MON_STS_19,0xF00058,2,0,0-0,0-0
PON_MAC_SCHEDULING_CONFIG,PON_LX_MON_STS_20,0xF0005C,2,0,0-0,0-0
PON_MAC_SCHEDULING_CONFIG,PON_LX_MON_STS_21,0xF00060,2,0,0-0,0-0
PON_MAC_SCHEDULING_CONFIG,PON_DBGO_TOPSEL,0xF00064,2,0,0-0,0-0
PON_MAC_SCHEDULING_CONFIG,ARB_TIMEOUT_GLB,0xF00068,2,0,0-0,0-0
INTERFACE,PONIP_CTL_US,0xF020E8,8,0,0-0,0-0
INTERFACE,ARB_TIMEOUT_US,0xF020EC,2,0,0-0,0-0
INTERFACE,DSCRUNOUT_US,0xF020F0,4,0,0-0,0-0
INTERFACE,DRN_CMD,0xF020F4,5,0,0-0,0-0
INTERFACE,IP_MSTBASE_US,0xF020F8,1,0,0-0,0-0
INTERFACE,PON_DSC_USAGE_US,0xF020FC,5,0,0-0,0-0
INTERFACE,PON_US_FIFO_CTL,0xF02100,4,0,0-0,0-0
INTERFACE,PON_IPSTS_US,0xF02104,2,0,0-0,0-0
INTERFACE,PON_SID2QID,0xF02108,1,7,0-127,0-0
INTERFACE,PON_SIDVALID,0xF02188,1,1,0-127,0-0
INTERFACE,PON_DSCCTRL,0xF02198,2,0,0-0,0-0
INTERFACE,PON_BW_THRES,0xF0219C,4,0,0-0,0-0
INTERFACE,PON_OMCI_CFG,0xF021A0,2,0,0-0,0-0
INTERFACE,PON_DSC_STS_US,0xF021A4,5,0,0-0,0-0
INTERFACE,PON_DSC_CFG_US,0xF021A8,5,0,0-0,0-0
INTERFACE,PON_DBGO_CFG_US,0xF021AC,10,0,0-0,0-0
INTERFACE,PON_EMPTY_EOB_CFG,0xF021B0,2,0,0-0,0-0
PONIP_SCHEDULING_UPSTREAM,PON_DBA_IFG,0xF021B4,2,0,0-0,0-0
PONIP_SCHEDULING_UPSTREAM,MOCIR_FRC_MD,0xF021BC,1,0,0-0,0-0
PONIP_SCHEDULING_UPSTREAM,MOCIR_FRC_VAL,0xF021C0,1,0,0-0,0-0
PONIP_SCHEDULING_UPSTREAM,EPON_RPT_QSET_NUM,0xF021C4,1,3,0-7,0-0
PONIP_SCHEDULING_UPSTREAM,EPON_RPT_LVL,0xF021C8,1,16,0-2,0-0
PONIP_SCHEDULING_UPSTREAM,MOCIR_TH_H,0xF021D0,2,0,0-0,0-0
PONIP_SCHEDULING_UPSTREAM,MOCIR_TH_L,0xF021D4,2,0,0-0,0-0
PONIP_SCHEDULING_UPSTREAM,PON_OLT_BW_MTR_FULL,0xF021D8,2,0,0-0,0-0
PONIP_SCHEDULING_UPSTREAM,PON_TB_CTRL,0xF021DC,3,0,0-0,0-0
PONIP_SCHEDULING_UPSTREAM,PON_SCH_CTRL,0xF021E0,6,0,0-0,0-0
PONIP_SCHEDULING_UPSTREAM,PON_QID_CIR_RATE,0xF021E4,1,18,0-127,0-0
PONIP_SCHEDULING_UPSTREAM,PON_QID_PIR_RATE,0xF023E4,1,18,0-127,0-0
PONIP_SCHEDULING_UPSTREAM,PON_SCH_QMAP,0xF025E4,1,32,0-31,0-0
PONIP_SCHEDULING_UPSTREAM,PON_TCONT_EN,0xF02664,1,1,0-31,0-0
PONIP_SCHEDULING_UPSTREAM,PON_WFQ_TYPE,0xF02668,1,1,0-127,0-0
PONIP_SCHEDULING_UPSTREAM,PON_WFQ_LEAKY_BUCKET,0xF02678,2,0,0-0,0-0
PONIP_SCHEDULING_UPSTREAM,PON_WFQ_WEIGHT,0xF0267C,1,10,0-127,0-0
PONIP_SCHEDULING_UPSTREAM,PON_SID_STOP_TH,0xF02728,2,0,0-0,0-0
PONIP_SCHEDULING_UPSTREAM,PON_SID_GLB_TH,0xF0272C,4,0,0-0,0-0
PONIP_SCHEDULING_UPSTREAM,PON_SID_RPV_TH,0xF02730,4,32,0-127,0-0
PONIP_SCHEDULING_UPSTREAM,PONIP_DBG_CTRL_US,0xF02930,7,0,0-0,0-0
PONIP_SCHEDULING_UPSTREAM,PONIP_TOTAL_PAGE_CNT_US,0xF02934,5,0,0-0,0-0
PONIP_SCHEDULING_UPSTREAM,PONIP_SID_USED_PAGE_CNT_US,0xF02938,4,0,0-0,0-0
PONIP_SCHEDULING_UPSTREAM,GPON_DPRU_RPT_PRD,0xF0293C,3,0,0-0,0-0
PONIP_SCHEDULING_UPSTREAM,PONIP_SID_OVER_STS,0xF02940,1,1,0-127,0-0
PONIP_SCHEDULING_UPSTREAM,PONIP_SID_OVER_LATCH_STS,0xF02950,1,1,0-127,0-0
PONIP_SCHEDULING_UPSTREAM,PON_SCH_RATE,0xF02960,2,32,0-31,0-0
PONIP_SCHEDULING_UPSTREAM,PON_EGR_RATE,0xF029E0,2,0,0-0,0-0
PONIP_SCHEDULING_UPSTREAM,EPON_REPORT_MODE,0xF029E4,3,0,0-0,0-0
PONIP_SCHEDULING_UPSTREAM,EPON_DYGSP_RPT,0xF029E8,3,0,0-0,0-0
PONIP_SCHEDULING_UPSTREAM,US_SCH_EGR_IFG,0xF029EC,3,0,0-0,0-0
PONIP_SCHEDULING_UPSTREAM,PON_SCH_OPT,0xF029F0,6,0,0-0,0-0
PONNIC_CTRL,PKT_OK_CNT_US,0xF04010,2,0,0-0,0-0
PONNIC_CTRL,PKT_ERR_CNT_US,0xF04014,2,0,0-0,0-0
PONNIC_CTRL,PKT_MISS_CNT_US,0xF04018,2,0,0-0,0-0
PONNIC_CTRL,CMD_REG_US,0xF04038,4,0,0-0,0-0
PONNIC_CTRL,INTERRUPT_US,0xF0403C,22,0,0-0,0-0
PONNIC_CTRL,TX_CFG_US,0xF04040,6,0,0-0,0-0
PONNIC_CTRL,RX_CFG_US,0xF04044,10,0,0-0,0-0
PONNIC_CTRL,CFG_US,0xF0404C,9,0,0-0,0-0
PONNIC_CTRL,MEDIA_STS_US,0xF04058,17,0,0-0,0-0
PONNIC_CTRL,SW_INTERRUPT_US,0xF04060,2,0,0-0,0-0
PONNIC_CTRL,BIST_US,0xF04080,8,0,0-0,0-0
CPU_IF,TXCD01_US,0xF05304,3,0,0-0,0-0
CPU_IF,RXFDP1_US,0xF053F0,1,0,0-0,0-0
CPU_IF,RXCDO1_US,0xF053F4,3,0,0-0,0-0
CPU_IF,PROBE_SELECT_US,0xF05400,4,0,0-0,0-0
CPU_IF,CONFIG_CLK_US,0xF0542C,3,0,0-0,0-0
CPU_IF,IO_CMD_0_US,0xF05434,14,0,0-0,0-0
CPU_IF,IO_CMD_1_US,0xF05438,20,0,0-0,0-0
INTERFACE,PONIP_CTL_DS,0xF0A0BC,9,0,0-0,0-0
INTERFACE,ARB_TIMEOUT_DS,0xF0A0C0,2,0,0-0,0-0
INTERFACE,DSCRUNOUT_DS,0xF0A0C4,4,0,0-0,0-0
INTERFACE,IP_MSTBASE_DS,0xF0A0C8,1,0,0-0,0-0
INTERFACE,PON_DSC_USAGE_DS,0xF0A0CC,5,0,0-0,0-0
INTERFACE,PON_IPSTS_DS,0xF0A0D0,2,0,0-0,0-0
INTERFACE,PON_DSCCTRL_DS,0xF0A0D4,2,0,0-0,0-0
INTERFACE,PON_DSC_STS_DS,0xF0A0D8,5,0,0-0,0-0
INTERFACE,PON_DSC_CFG_DS,0xF0A0DC,5,0,0-0,0-0
INTERFACE,PON_DBGO_CFG_DS,0xF0A0E0,9,0,0-0,0-0
INTERFACE,PON_SID_Q_MAP_DS,0xF0A0E4,1,2,0-127,0-0
INTERFACE,PON_Q_CONFIG_DS,0xF0A104,2,0,0-0,0-0
INTERFACE,PON_FC_CONFIG_DS,0xF0A108,4,0,0-0,0-0
INTERFACE,PON_DS_PBO_PAGE_Q0,0xF0A10C,4,0,0-0,0-0
INTERFACE,PON_DS_PBO_PAGE_Q1,0xF0A110,3,0,0-0,0-0
INTERFACE,PON_DS_PBO_PAGE_Q2,0xF0A114,3,0,0-0,0-0
PONIP_SCHEDULING_DOWNSTREAM,PONIP_DBG_CTRL_DS,0xF0A118,5,0,0-0,0-0
PONIP_SCHEDULING_DOWNSTREAM,PONIP_TOTAL_PAGE_CNT_DS,0xF0A11C,5,0,0-0,0-0
PONIP_SCHEDULING_DOWNSTREAM,PONIP_SID_USED_PAGE_CNT_DS,0xF0A120,4,0,0-0,0-0
PONNIC_CTRL,PKT_OK_CNT_DS,0xF0C010,2,0,0-0,0-0
PONNIC_CTRL,PKT_ERR_CNT_DS,0xF0C014,2,0,0-0,0-0
PONNIC_CTRL,PKT_MISS_CNT_DS,0xF0C018,2,0,0-0,0-0
PONNIC_CTRL,CMD_REG_DS,0xF0C038,4,0,0-0,0-0
PONNIC_CTRL,INTERRUPT_DS,0xF0C03C,22,0,0-0,0-0
PONNIC_CTRL,TX_CFG_DS,0xF0C040,6,0,0-0,0-0
PONNIC_CTRL,RX_CFG_DS,0xF0C044,10,0,0-0,0-0
PONNIC_CTRL,CFG_DS,0xF0C04C,9,0,0-0,0-0
PONNIC_CTRL,MEDIA_STS_DS,0xF0C058,17,0,0-0,0-0
PONNIC_CTRL,SW_INTERRUPT_DS,0xF0C060,2,0,0-0,0-0
PONNIC_CTRL,BIST_DS,0xF0C080,8,0,0-0,0-0
CPU_IF,TXCD01_DS,0xF0D304,3,0,0-0,0-0
CPU_IF,RXFDP1_DS,0xF0D3F0,1,0,0-0,0-0
CPU_IF,RXCDO1_DS,0xF0D3F4,3,0,0-0,0-0
CPU_IF,PROBE_SELECT_DS,0xF0D400,4,0,0-0,0-0
CPU_IF,CONFIG_CLK_DS,0xF0D42C,3,0,0-0,0-0
CPU_IF,IO_CMD_0_DS,0xF0D434,14,0,0-0,0-0
CPU_IF,IO_CMD_1_DS,0xF0D438,20,0,0-0,0-0
SWPBO,SW_PBO_MSTBASE,0xF12040,1,0,0-0,0-0
SWPBO,SW_PBO_CTL,0xF12044,4,0,0-0,0-0
SWPBO,SW_PBO_IPSTS,0xF12048,2,0,0-0,0-0
SWPBO,SW_PBO_PORT_TH,0xF1204C,1,10,0-0,0-4
SWPBO,SW_PBO_Q_QUEUE_TH,0xF12054,1,10,0-7,0-4
SWPBO,SW_PBO_PORT_RUNOUT,0xF12090,4,32,0-0,0-4
SWPBO,SW_PBO_PORT_MAX_DSC,0xF120A4,5,32,0-0,0-4
SWPBO,SW_PBO_PORT_DSC,0xF120B8,4,32,0-0,0-4
SWPBO,SW_PBO_PORT_PAGE_CNT,0xF120CC,4,32,0-0,0-4
SWPBO,SW_PBO_PORT_MAX_CLEAR,0xF120E0,1,1,0-0,0-4
SWPBO,SW_PBO_SID_PAGE_CNT,0xF120E4,4,0,0-0,0-0
SWPBO,SW_PBO_TOTAL_PAGE_CNT,0xF120E8,4,0,0-0,0-0
SWPBO,SW_PBO_TOTAL_MAX_CLEAR,0xF120EC,2,0,0-0,0-0
SWPBO,SW_PBO_SCH_MISC,0xF120F0,6,0,0-0,0-0
SWPBO,SW_PBO_DBG_SEL,0xF120F4,4,0,0-0,0-0
SWPBO,SW_PBO_DSCCTRL,0xF120F8,3,0,0-0,0-0
SWPBO,ARB_TIMEOUT,0xF120FC,2,0,0-0,0-0
SWPBO,ES_BIST_RSLT,0xF12100,6,0,0-0,0-0
SWPBO,RX_DROP_CNT_ES,0xF12104,1,0,0-0,0-0
SWPBO,RX_SID_GOOD_CNT_ES,0xF12108,1,32,0-4,0-0
SWPBO,RX_SID_BAD_CNT_ES,0xF1211C,1,32,0-4,0-0
SWPBO,TX_SID_CNT_ES,0xF12130,1,32,0-4,0-0
SWPBO,CNT_MASK_ES,0xF12144,1,1,0-39,0-4
SWPBO_NIC_CTRL,SWPBO_PKT_OK_CNT,0xF14010,2,0,0-0,0-0
SWPBO_NIC_CTRL,SWPBO_PKT_ERR_CNT,0xF14014,2,0,0-0,0-0
SWPBO_NIC_CTRL,SWPBO_PKT_MISS_CNT,0xF14018,2,0,0-0,0-0
SWPBO_NIC_CTRL,SWPBO_CMD_REG,0xF14038,4,0,0-0,0-0
SWPBO_NIC_CTRL,SWPBO_INTERRUPT,0xF1403C,22,0,0-0,0-0
SWPBO_NIC_CTRL,SWPBO_TX_CFG,0xF14040,6,0,0-0,0-0
SWPBO_NIC_CTRL,SWPBO_RX_CFG,0xF14044,10,0,0-0,0-0
SWPBO_NIC_CTRL,SWPBO_CFG,0xF1404C,9,0,0-0,0-0
SWPBO_NIC_CTRL,SWPBO_MEDIA_STS,0xF14058,17,0,0-0,0-0
SWPBO_NIC_CTRL,SWPBO_SW_INTERRUPT,0xF14060,2,0,0-0,0-0
SWPBO_NIC_CTRL,SWPBO_BIST,0xF14080,8,0,0-0,0-0
SWPBO_NIC_CPU_IF,SWPBO_TXCD01,0xF15304,3,0,0-0,0-0
SWPBO_NIC_CPU_IF,SWPBO_RXFDP1,0xF153F0,1,0,0-0,0-0
SWPBO_NIC_CPU_IF,SWPBO_RXCDO1,0xF153F4,3,0,0-0,0-0
SWPBO_NIC_CPU_IF,SWPBO_PROBE_SELECT,0xF15400,4,0,0-0,0-0
SWPBO_NIC_CPU_IF,SWPBO_CONFIG_CLK,0xF1542C,3,0,0-0,0-0
SWPBO_NIC_CPU_IF,SWPBO_IO_CMD_0,0xF15434,14,0,0-0,0-0
SWPBO_NIC_CPU_IF,SWPBO_IO_CMD_1,0xF15438,20,0,0-0,0-0
GPON_MAC_GENERAL_CONFIG,GPON_INT_DLT,0x700000,3,0,0-0,0-0
GPON_MAC_GENERAL_CONFIG,GPON_RESET,0x70000C,4,0,0-0,0-0
GPON_MAC_GENERAL_CONFIG,GPON_VERSION,0x700010,1,0,0-0,0-0
GPON_MAC_GENERAL_CONFIG,GPON_TEST,0x700014,1,0,0-0,0-0
GPON_MAC_GENERAL_CONFIG,GPON_AES_BYPASS,0x700020,2,0,0-0,0-0
GPON_MAC_GENERAL_CONFIG,GPON_FRAME_PULSE_CFG,0x700024,4,0,0-0,0-0
GPON_MAC_GENERAL_CONFIG,GPON_INTR_MASK,0x700040,8,0,0-0,0-0
GPON_MAC_GENERAL_CONFIG,GPON_INTR_STS,0x700044,8,0,0-0,0-0
GPON_MAC_GENERAL_CONFIG,GPON_MAC_BIST_RSLT,0x700280,6,0,0-0,0-0
GTC_DOWNSTREAM,GPON_GTC_DS_INTR_DLT,0x701000,12,0,0-0,0-0
GTC_DOWNSTREAM,GPON_GTC_DS_INTR_MASK,0x701004,10,0,0-0,0-0
GTC_DOWNSTREAM,GPON_GTC_DS_INTR_STS,0x701008,5,0,0-0,0-0
GTC_DOWNSTREAM,GPON_GTC_DS_ONU_ID_STATUS,0x701010,4,0,0-0,0-0
GTC_DOWNSTREAM,GPON_GTC_DS_CFG,0x701014,10,0,0-0,0-0
GTC_DOWNSTREAM,GPON_GTC_DS_PLOAM_CFG,0x70101C,5,0,0-0,0-0
GTC_DOWNSTREAM,GPON_GTC_DS_LOS_CFG_STS,0x701040,10,0,0-0,0-0
GTC_DOWNSTREAM,GPON_GTC_DS_SUPERFRAME_CNT,0x701048,2,0,0-0,0-0
GTC_DOWNSTREAM,GPON_GTC_DS_TOD_SUPERFRAME_CTRL,0x70104C,3,0,0-0,0-0
GTC_DOWNSTREAM,GPON_GTC_DS_PLOAM_IND,0x701080,5,0,0-0,0-0
GTC_DOWNSTREAM,GPON_GTC_DS_PLOAM_MSG,0x7010A0,2,32,0-7,0-0
GTC_DOWNSTREAM,GPON_GTC_DS_ALLOC_IND,0x7010C0,8,0,0-0,0-0
GTC_DOWNSTREAM,GPON_GTC_DS_ALLOC_WR,0x7010C4,2,0,0-0,0-0
GTC_DOWNSTREAM,GPON_GTC_DS_ALLOC_RD,0x7010CC,2,0,0-0,0-0
GTC_DOWNSTREAM,GPON_GTC_DS_PORT_IND,0x701100,8,0,0-0,0-0
GTC_DOWNSTREAM,GPON_GTC_DS_PORT_WR,0x701104,2,0,0-0,0-0
GTC_DOWNSTREAM,GPON_GTC_DS_PORT_RD,0x70110C,2,0,0-0,0-0
GTC_DOWNSTREAM,GPON_GTC_DS_PORT_CNTR_IND,0x701140,6,0,0-0,0-0
GTC_DOWNSTREAM,GPON_GTC_DS_PORT_CNTR_STAT,0x701144,1,0,0-0,0-0
GTC_DOWNSTREAM,GPON_GTC_DS_MISC_CNTR_BIP_ERR_BLK,0x701180,1,0,0-0,0-0
GTC_DOWNSTREAM,GPON_GTC_DS_MISC_CNTR_BIP_ERR_BIT,0x701184,1,0,0-0,0-0
GTC_DOWNSTREAM,GPON_GTC_DS_MISC_CNTR_FEC_CORRECT_BIT,0x701188,1,0,0-0,0-0
GTC_DOWNSTREAM,GPON_GTC_DS_MISC_CNTR_FEC_CORRECT_BYTE,0x70118C,1,0,0-0,0-0
GTC_DOWNSTREAM,GPON_GTC_DS_MISC_CNTR_FEC_CORRECT_CW,0x701190,1,0,0-0,0-0
GTC_DOWNSTREAM,GPON_GTC_DS_MISC_CNTR_FEC_UNCOR_CW,0x701194,1,0,0-0,0-0
GTC_DOWNSTREAM,GPON_GTC_DS_MISC_CNTR_LOM,0x701198,2,0,0-0,0-0
GTC_DOWNSTREAM,GPON_GTC_DS_MISC_CNTR_PLOAM_ACPT,0x70119C,1,0,0-0,0-0
GTC_DOWNSTREAM,GPON_GTC_DS_MISC_CNTR_PLOAM_FAIL,0x7011A0,2,0,0-0,0-0
GTC_DOWNSTREAM,GPON_GTC_DS_MISC_CNTR_BWM_FAIL,0x7011A4,2,0,0-0,0-0
GTC_DOWNSTREAM,GPON_GTC_DS_MISC_CNTR_BWM_INV,0x7011A8,2,0,0-0,0-0
GTC_DOWNSTREAM,GPON_GTC_DS_MISC_CNTR_ACTIVE,0x7011AC,2,0,0-0,0-0
GTC_DOWNSTREAM,GPON_GTC_DS_MISC_CNTR_BWM_ACPT,0x7011B0,1,0,0-0,0-0
GTC_DOWNSTREAM,GPON_GTC_DS_MISC_CNTR_GEM_LOS,0x7011B4,1,0,0-0,0-0
GTC_DOWNSTREAM,GPON_GTC_DS_MISC_CNTR_HEC_CORRECT,0x7011B8,1,0,0-0,0-0
GTC_DOWNSTREAM,GPON_GTC_DS_MISC_CNTR_GEM_IDLE,0x7011BC,1,0,0-0,0-0
GTC_DOWNSTREAM,GPON_GTC_DS_MISC_CNTR_GEM_FAIL,0x7011C0,2,0,0-0,0-0
GTC_DOWNSTREAM,GPON_GTC_DS_MISC_CNTR_GEM_NON_IDLE,0x7011C4,1,0,0-0,0-0
GTC_DOWNSTREAM,GPON_GTC_DS_MISC_CNTR_PLEN_CORRECT,0x7011C8,3,0,0-0,0-0
GTC_DOWNSTREAM,GPON_GTC_DS_TDM_PTI,0x701200,4,0,0-0,0-0
GTC_DOWNSTREAM,GPON_GTC_DS_OMCI_PTI,0x701204,4,0,0-0,0-0
GTC_DOWNSTREAM,GPON_GTC_DS_ETH_PTI,0x701208,4,0,0-0,0-0
GTC_DOWNSTREAM,GPON_GTC_DS_BPOS_SUB,0x701240,3,0,0-0,0-0
GTC_DOWNSTREAM,GPON_GTC_DS_BPOS_ADD,0x701244,2,0,0-0,0-0
GTC_DOWNSTREAM,GPON_GTC_DS_DUMMY_1,0x701260,2,0,0-0,0-0
GTC_DOWNSTREAM,GPON_GTC_DS_DUMMY_2,0x701264,1,0,0-0,0-0
GTC_DOWNSTREAM,GPON_GTC_DS_PPS,0x701268,3,0,0-0,0-0
GTC_DOWNSTREAM,GPON_GTC_DS_PPS_INTR,0x70126C,3,0,0-0,0-0
GTC_DOWNSTREAM,DS_FEC,0x701280,14,0,0-0,0-0
GTC_DOWNSTREAM,PLOAM,0x701284,14,0,0-0,0-0
GTC_DOWNSTREAM,GEM_CNTR,0x701288,14,0,0-0,0-0
GTC_DOWNSTREAM,GEM_TOKEN_A,0x70128C,14,0,0-0,0-0
GTC_DOWNSTREAM,BWMAP_CAP,0x701294,14,0,0-0,0-0
GTC_DOWNSTREAM,BWMAP_BUF,0x701298,14,0,0-0,0-0
GTC_DOWNSTREAM,TCONT,0x70129C,14,0,0-0,0-0
GTC_DOWNSTREAM,GEM_L,0x7012A0,14,0,0-0,0-0
GTC_DOWNSTREAM,GEM_H,0x7012A4,14,0,0-0,0-0
GTC_DOWNSTREAM,GPON_GTC_DS_TRAFFIC_CFG,0x701400,2,32,0-127,0-0
BWMAP_CAPTURE,GPON_BWMAP_CTRL,0x70200C,5,0,0-0,0-0
BWMAP_CAPTURE,GPON_BWMAP_STS,0x702010,3,0,0-0,0-0
BWMAP_CAPTURE,GPON_BWMAP_DATA,0x702400,2,32,0-255,0-0
AES_DECRYPT,GPON_AES_INTR_DLT,0x703000,5,0,0-0,0-0
AES_DECRYPT,GPON_AES_INTR_MASK,0x703004,3,0,0-0,0-0
AES_DECRYPT,GPON_AES_INTR_STS,0x703008,3,0,0-0,0-0
AES_DECRYPT,GPON_AES_KEY_SWITCH_REQ,0x703010,4,0,0-0,0-0
AES_DECRYPT,GPON_AES_KEY_SWITCH_TIME,0x703014,2,0,0-0,0-0
AES_DECRYPT,GPON_AES_KEY_WORD_IND,0x703020,7,0,0-0,0-0
AES_DECRYPT,GPON_AES_WORD_DATA,0x703024,2,0,0-0,0-0
AES_DECRYPT,CTL_INFO,0x703280,14,0,0-0,0-0
AES_DECRYPT,CTL_DATA,0x703284,14,0,0-0,0-0
AES_DECRYPT,CIPHER_1,0x703288,14,0,0-0,0-0
AES_DECRYPT,CIPHER_2,0x70328C,14,0,0-0,0-0
AES_DECRYPT,KEY_EXPN,0x703290,14,0,0-0,0-0
GEM_PORT_DOWNSTREAM,GPON_GEM_DS_RX_CNTR_IND,0x704040,4,0,0-0,0-0
GEM_PORT_DOWNSTREAM,GPON_GEM_DS_RX_CNTR_STAT,0x704044,1,0,0-0,0-0
GEM_PORT_DOWNSTREAM,GPON_GEM_DS_FWD_CNTR_IND,0x70404C,4,0,0-0,0-0
GEM_PORT_DOWNSTREAM,GPON_GEM_DS_FWD_CNTR_STAT,0x704050,1,0,0-0,0-0
GEM_PORT_DOWNSTREAM,GPON_GEM_DS_MISC_IND,0x704064,2,0,0-0,0-0
GEM_PORT_DOWNSTREAM,GPON_GEM_DS_MISC_CNTR_STAT,0x704068,1,0,0-0,0-0
GEM_PORT_DOWNSTREAM,GPON_GEM_DS_MC_CFG,0x704080,11,0,0-0,0-0
GEM_PORT_DOWNSTREAM,GPON_GEM_DS_MC_IND,0x704084,7,0,0-0,0-0
GEM_PORT_DOWNSTREAM,GPON_GEM_DS_MC_WR,0x704088,1,0,0-0,0-0
GEM_PORT_DOWNSTREAM,GPON_GEM_DS_MC_RD,0x704090,1,0,0-0,0-0
GEM_PORT_DOWNSTREAM,GPON_GEM_DS_FRM_TIMEOUT,0x704098,6,0,0-0,0-0
GEM_PORT_DOWNSTREAM,GPON_GEM_DS_MC_ADDR_PTN_IPV4,0x70409C,2,0,0-0,0-0
GEM_PORT_DOWNSTREAM,GPON_GEM_DS_MC_ADDR_PTN_IPV6,0x7040A0,2,0,0-0,0-0
GEM_PORT_DOWNSTREAM,CLASSIFY_BUF,0x704280,14,0,0-0,0-0
GEM_PORT_DOWNSTREAM,CLASSIFY_CNTR,0x704284,14,0,0-0,0-0
GEM_PORT_DOWNSTREAM,ASSEMBLY,0x704288,14,0,0-0,0-0
GEM_PORT_DOWNSTREAM,MC_FILTER,0x70428C,14,32,0-7,0-0
GTC_UPSTREAM,GPON_GTC_US_INTR_DLT,0x705000,13,0,0-0,0-0
GTC_UPSTREAM,GPON_GTC_US_INTR_MASK,0x705004,11,0,0-0,0-0
GTC_UPSTREAM,GPON_GTC_US_INTR_STS,0x705008,7,0,0-0,0-0
GTC_UPSTREAM,GPON_GTC_US_ONU_ID,0x705010,3,0,0-0,0-0
GTC_UPSTREAM,GPON_GTC_US_CFG,0x705014,13,0,0-0,0-0
GTC_UPSTREAM,GPON_GTC_US_WRITE_PROTECT,0x705018,2,0,0-0,0-0
GTC_UPSTREAM,GPON_GTC_US_TX_PATTERN_CTL,0x705020,6,0,0-0,0-0
GTC_UPSTREAM,GPON_GTC_US_TX_PATTERN_BG,0x705024,1,0,0-0,0-0
GTC_UPSTREAM,GPON_GTC_US_TX_PATTERN_FG,0x705028,1,0,0-0,0-0
GTC_UPSTREAM,GPON_GTC_US_MIN_DELAY,0x705040,3,0,0-0,0-0
GTC_UPSTREAM,GPON_GTC_US_EQD,0x705044,4,0,0-0,0-0
GTC_UPSTREAM,GPON_GTC_US_LASER,0x70504C,4,0,0-0,0-0
GTC_UPSTREAM,GPON_GTC_US_BOH_CFG,0x705054,3,0,0-0,0-0
GTC_UPSTREAM,GPON_GTC_US_BOH_DATA,0x705080,2,32,0-11,0-0
GTC_UPSTREAM,GPON_GTC_US_PLOAM_IND,0x7050C0,8,0,0-0,0-0
GTC_UPSTREAM,GPON_GTC_US_PLOAM_DATA,0x7050E0,2,32,0-7,0-0
GTC_UPSTREAM,GPON_GTC_US_PLOAM_CFG,0x705100,5,0,0-0,0-0
GTC_UPSTREAM,GPON_GTC_US_MISC_CNTR_IDX,0x705140,2,0,0-0,0-0
GTC_UPSTREAM,GPON_GTC_US_MISC_CNTR_STAT,0x705148,1,0,0-0,0-0
GTC_UPSTREAM,GPON_GTC_US_RDI,0x705180,2,0,0-0,0-0
GTC_UPSTREAM,GPON_GTC_US_DG,0x705184,4,0,0-0,0-0
GTC_UPSTREAM,GPON_GTC_US_OPTIC_SD_TH,0x705188,4,0,0-0,0-0
GTC_UPSTREAM,GPON_GTC_US_PROC_MODE,0x705200,3,0,0-0,0-0
GTC_UPSTREAM,G_DMY_XX_01,0x705260,1,0,0-0,0-0
GTC_UPSTREAM,G_DMY_XX_02,0x705264,1,0,0-0,0-0
GTC_UPSTREAM,G_DMY_XX_03,0x705268,1,0,0-0,0-0
GTC_UPSTREAM,GPON_GTC_US_PWR_SAV_MODE,0x70526C,2,0,0-0,0-0
GTC_UPSTREAM,GPON_GTC_US_TX_PTN_BEN_OFF,0x705270,2,0,0-0,0-0
GTC_UPSTREAM,BWM_TBL,0x705280,14,0,0-0,0-0
GTC_UPSTREAM,BWM_MEM0,0x705284,14,0,0-0,0-0
GTC_UPSTREAM,BWM_MEM1,0x705288,14,0,0-0,0-0
GTC_UPSTREAM,PLOAM_A,0x70528C,14,0,0-0,0-0
GTC_UPSTREAM,BISTXXX,0x705290,14,0,0-0,0-0
GTC_UPSTREAM,DBR,0x705294,14,0,0-0,0-0
GEM_UPSTREAM,GPON_GEM_US_INTR_DLT,0x706000,12,0,0-0,0-0
GEM_UPSTREAM,GPON_GEM_US_INTR_MASK,0x706004,11,0,0-0,0-0
GEM_UPSTREAM,GPON_GEM_US_INTR_STS,0x706008,11,0,0-0,0-0
GEM_UPSTREAM,GPON_GEM_US_PTI_CFG,0x706020,9,0,0-0,0-0
GEM_UPSTREAM,GPON_GEM_US_PWR_SAV_CFG,0x706024,5,0,0-0,0-0
GEM_UPSTREAM,GPON_GEM_US_ETH_GEM_RX_CNTR_IDX,0x706048,4,0,0-0,0-0
GEM_UPSTREAM,GPON_GEM_US_ETH_GEM_RX_CNTR_STAT,0x70604C,1,0,0-0,0-0
GEM_UPSTREAM,GPON_GEM_US_PTN_CTRL,0x706054,8,0,0-0,0-0
GEM_UPSTREAM,GPON_GEM_US_EOB_MERGE,0x706260,2,0,0-0,0-0
GEM_UPSTREAM,PCFG,0x706280,14,0,0-0,0-0
GEM_UPSTREAM,GEM_BCNT,0x706284,14,0,0-0,0-0
GEM_UPSTREAM,FIFO_BANK0,0x706288,14,0,0-0,0-0
GEM_UPSTREAM,FIFO_BANK1,0x70628C,14,0,0-0,0-0
GEM_UPSTREAM,IDLE_BCNT,0x706290,14,0,0-0,0-0
GEM_UPSTREAM,GEM_PCNT,0x706294,14,0,0-0,0-0
GEM_UPSTREAM,GPON_GEM_US_PORT_MAP,0x706400,2,32,0-127,0-0
GEM_UPSTREAM,GPON_GEM_US_BYTE_STAT,0x706800,2,64,0-127,0-0
GEM_UPSTREAM,TCONT_IDLE_BYTE_STAT,0x706C00,2,64,0-31,0-0
EPON_CONFIGURATION,EPON_FEC_CONFIG,0x36000,12,0,0-0,0-0
EPON_CONFIGURATION,EPON_ASIC_TIMING_ADJUST1,0x36004,4,0,0-0,0-0
EPON_CONFIGURATION,EPON_ASIC_TIMING_ADJUST2,0x36008,5,0,0-0,0-0
EPON_CONFIGURATION,EPON_RGSTR1,0x3600C,2,0,0-0,0-0
EPON_CONFIGURATION,EPON_RGSTR2,0x36010,3,0,0-0,0-0
EPON_CONFIGURATION,EPON_DEBUG1,0x36014,9,0,0-0,0-0
EPON_CONFIGURATION,EPON_DEBUG2,0x36018,3,0,0-0,0-0
EPON_CONFIGURATION,EPON_TIMER_CONFIG1,0x3601C,2,0,0-0,0-0
EPON_CONFIGURATION,EPON_INTR,0x36020,19,0,0-0,0-0
EPON_CONFIGURATION,SYNC_TIME,0x36024,2,0,0-0,0-0
EPON_CONFIGURATION,LASER_ON_OFF_TIME,0x36028,3,0,0-0,0-0
EPON_CONFIGURATION,MIN_GRANT_START,0x3602C,1,0,0-0,0-0
EPON_CONFIGURATION,MAX_GRANT_START,0x36030,1,0,0-0,0-0
EPON_CONFIGURATION,EPON_TIME_CTRL,0x36034,3,0,0-0,0-0
EPON_CONFIGURATION,EP_MISC,0x36038,7,0,0-0,0-0
EPON_CONFIGURATION,LLID_TABLE,0x3603C,13,96,0-7,0-0
EPON_CONFIGURATION,EPON_MPCP_CTR,0x3609C,5,0,0-0,0-0
EPON_CONFIGURATION,EPON_TX_CTRL,0x360A0,3,0,0-0,0-0
EPON_CONFIGURATION,EPON_DECRYP_CFG,0x360A4,2,0,0-0,0-0
EPON_CONFIGURATION,EPON_DECRYP_KEY0,0x360A8,1,24,0-7,0-0
EPON_CONFIGURATION,EPON_DECRYP_KEY1,0x360C8,1,24,0-7,0-0
EPON_CONFIGURATION,EPON_SCB_DECRYP_KEY0,0x360E8,2,0,0-0,0-0
EPON_CONFIGURATION,EPON_SCB_DECRYP_KEY1,0x360EC,2,0,0-0,0-0
EPON_CONFIGURATION,EPON_MISC_CFG,0x360F0,7,0,0-0,0-0
EPON_CONFIGURATION,EPON_LOCAL_TIME,0x360F4,1,0,0-0,0-0
EPON_CONFIGURATION,EPON_REG_ACK,0x360F8,3,0,0-0,0-0
EPON_CONFIGURATION,EPON_GATE_CTRL,0x2D978,2,0,0-0,0-0
EPON_CONFIGURATION,EPON_GRANT_SHIFT_START,0x360FC,1,0,0-0,0-0
EPON_CONFIGURATION,EPON_GATE_ANA,0x36100,4,0,0-0,0-0
EPON_CONFIGURATION,EPON_GATE_ANA_CNT,0x36104,3,0,0-0,0-0
EPON_CONFIGURATION,EPON_TBL_ACCESS_STS,0x36108,3,0,0-0,0-0
EPON_CONFIGURATION,EPON_TBL_ACCESS_RD_DATA,0x3610C,2,64,0-0,0-0
EPON_CONFIGURATION,EPON_RPT_QSET_NUM1,0x36114,1,3,0-7,0-0
EPON_CONFIGURATION,EPON_RPT_LVL1,0x36118,1,16,0-2,0-0
EPON_CONFIGURATION,EPON_SCH_TIMING,0x36120,1,0,0-0,0-0
EPON_CONFIGURATION,EPON_FEC_RST,0x36124,3,0,0-0,0-0
EPON_CONFIGURATION,DET_BEN_OFF_COND,0x36128,4,0,0-0,0-0
EPON_CONFIGURATION,PRG_EPON_GN0,0x3612C,1,0,0-0,0-0
EPON_CONFIGURATION,PRG_EPON_GN1,0x36130,1,0,0-0,0-0
EPON_CONFIGURATION,PRG_EPON_GN2,0x36134,4,0,0-0,0-0
EPON_CONFIGURATION,DBG_LCTM_DRF,0x36138,4,0,0-0,0-0
EPON_CONFIGURATION,CLR_INVLD_LID_GN,0x3613C,3,0,0-0,0-0
EPON_CONFIGURATION,DS_PRS_LC_FEC,0x36140,5,0,0-0,0-0
EPON_CONFIGURATION,EPON_ERR_INTR2,0x36144,8,0,0-0,0-0
EPON_CONFIGURATION,DET_OFF1_OFST,0x36148,2,0,0-0,0-0
EPON_CONFIGURATION,EPON_REG_BAK0,0x3614C,1,0,0-0,0-0
EPON_CONFIGURATION,EPON_REG_BAK1,0x36150,1,0,0-0,0-0
EPON_CONFIGURATION,EPON_REG_BAK2,0x36154,2,0,0-0,0-0
EPON_CONFIGURATION,EPON_MSK_NXT_CNT,0x36158,2,0,0-0,0-0
EPON_CONFIGURATION,EPON_GRANT_INDACS_CMD,0x3615C,4,0,0-0,0-0
EPON_CONFIGURATION,EPON_GRANT_INDACS_DATA0,0x36160,1,0,0-0,0-0
EPON_CONFIGURATION,EPON_GRANT_INDACS_DATA1,0x36164,1,0,0-0,0-0
EPON_CONFIGURATION,EPON_GRANT_INDACS_DATA2,0x36168,2,0,0-0,0-0
EPON_CONFIGURATION,EPON_MPCP_DROP_CNT,0x3616C,1,0,0-0,0-0
EPON_CONFIGURATION,EPON_TOD_EN,0x36170,3,0,0-0,0-0
EPON_CONFIGURATION,EPON_TOD_LOCAL_TIME,0x36174,1,0,0-0,0-0
EPON_CONFIGURATION,EPON_MSK_NXT_CNT2,0x36178,5,0,0-0,0-0
EPON_CONFIGURATION,EPON_TOD_TIME,0x3617C,1,0,0-0,0-0
EPON_CONFIGURATION,EPON_RDM_SEED,0x36180,2,0,0-0,0-0
EPON_CONFIGURATION,EPON_ASIC_OPTI2,0x36184,1,0,0-0,0-0
EPON_CONFIGURATION,EPON_ASIC_OPTI1,0x36188,17,0,0-0,0-0
EPON_CONFIGURATION,EPON_REG_REQ_ACK,0x3618C,5,0,0-0,0-0
EPON_CONFIGURATION,EPON_REG_REQ_PAD_DATA,0x36190,1,32,0-1,0-0
EPON_CONFIGURATION,EPON_REG_ACK_PAD_DATA,0x36198,1,32,0-1,0-0
EPON_CONFIGURATION,EPON_TX_OPT,0x361A0,3,0,0-0,0-0
EPON_CONFIGURATION,EPON_US_INF_DBG,0x361A4,2,0,0-0,0-0
FLOW_TRAFFIC_TABLE,FT_TRF,0x800000,1,32,0-1023,0-0
FB_CTRL,MODE,0x801000,7,0,0-0,0-0
FB_CTRL,L34,0x801008,29,0,0-0,0-0
FB_CTRL,LUP,0x80100C,6,0,0-0,0-0
FB_CTRL,PRE_HASH_ITM1,0x801010,2,0,0-0,0-0
FB_CTRL,PRE_HASH_ITM2,0x801014,2,0,0-0,0-0
FB_CTRL,PRE_HASH_ITM3,0x801018,2,0,0-0,0-0
FB_CTRL,PRE_HASH_ITM4,0x80101C,2,0,0-0,0-0
FB_CTRL,CAM_TRF,0x801020,1,32,0-1,0-0
FB_CTRL,IF_TRF,0x801028,2,0,0-0,0-0
FB_CTRL,PIPE_SIG,0x80102C,3,0,0-0,0-0
FB_CTRL,MTR_CTRL,0x801030,5,0,0-0,0-0
FB_CTRL,WAL_CTRL,0x801034,2,0,0-0,0-0
FB_CTRL,GRE_SEQ,0x801080,1,32,0-15,0-0
FB_CTRL,GRE_ACK,0x8010C0,1,32,0-15,0-0
TABLE_ACCESS,NAT_TBL_ACCESS_CTRL,0x801100,6,0,0-0,0-0
TABLE_ACCESS,NAT_TBL_ACCESS_CLR,0x801104,12,0,0-0,0-0
TABLE_ACCESS,NAT_TBL_ACCESS_RDDATA,0x801110,1,32,0-7,0-0
TABLE_ACCESS,NAT_TBL_ACCESS_WRDATA,0x801180,1,32,0-7,0-0
FB_HSBA,HSBA_CTRL,0x801200,4,0,0-0,0-0
FB_HSBA,HSB_DESC,0x801210,1,32,0-12,0-0
FB_HSBA,HSA_DESC,0x801280,1,32,0-7,0-0
CC_CTRL,CC_CFG,0x801300,10,0,0-0,0-0
CC_CTRL,CC_BAB,0x801304,2,0,0-0,0-0
CC_CTRL,CC_INTR,0x801308,2,0,0-0,0-0
CC_CTRL,CC_CMD,0x80130C,2,0,0-0,0-0
CC_CTRL,CC_SFLW_0,0x801310,1,0,0-0,0-0
CC_CTRL,CC_SFLW_1,0x801314,1,0,0-0,0-0
CC_CTRL,CC_SFLW_2,0x801318,1,0,0-0,0-0
CC_CTRL,CC_SFLW_3,0x80131C,1,0,0-0,0-0
CC_CTRL,CC_SFLW_4,0x801320,1,0,0-0,0-0
CC_CTRL,CC_SFLW_5,0x801324,1,0,0-0,0-0
CC_CTRL,CC_SFLW_6,0x801328,1,0,0-0,0-0
CC_CTRL,CC_SFLW_7,0x80132C,2,0,0-0,0-0
CC_CTRL,CC_SFLW_8,0x801330,5,0,0-0,0-0
CC_CTRL,CC_STS_0,0x801334,3,0,0-0,0-0
CC_CTRL,CC_STS_1,0x801338,2,0,0-0,0-0
CC_CTRL,CC_STS_2,0x80133C,4,0,0-0,0-0
CC_CTRL,CC_STS_3,0x801340,4,0,0-0,0-0
CC_CTRL,CC_STA,0x801344,6,0,0-0,0-0
FB_MTR,MTR_SETTING,0x801400,5,64,0-31,0-0
TEMP_REGISTER,RGF_VER_GLB_CTRL,0x2D0,1,0,0-0,0-0
TEMP_REGISTER,RGF_VER_ALE_GLB,0x11148,1,0,0-0,0-0
TEMP_REGISTER,RGF_VER_ALE_ACL,0x15574,1,0,0-0,0-0
TEMP_REGISTER,RGF_VER_ALE_CVLAN,0x13218,1,0,0-0,0-0
TEMP_REGISTER,RGF_VER_ALE_DPM,0x1C4F0,1,0,0-0,0-0
TEMP_REGISTER,RGF_VER_ALE_L2,0x170F8,1,0,0-0,0-0
TEMP_REGISTER,RGF_VER_ALE_MLTVLAN,0x18000,1,0,0-0,0-0
TEMP_REGISTER,RGF_VER_ALE_SVLAN,0x14040,1,0,0-0,0-0
TEMP_REGISTER,RGF_VER_ALE_RLDP,0x1A030,1,0,0-0,0-0
TEMP_REGISTER,RGF_VER_ALE_EAV_AFBK,0x1B030,1,0,0-0,0-0
TEMP_REGISTER,RGF_VER_INTR,0x1D030,1,0,0-0,0-0
TEMP_REGISTER,RGF_VER_LED,0x1E094,1,0,0-0,0-0
TEMP_REGISTER,RGF_VER_PER_PORT_MAC,0x20028,1,32,0-0,0-3
TEMP_REGISTER,RGF_VER_SDSREG,0x400E8,1,0,0-0,0-0
TEMP_REGISTER,RGF_VER_SWCORE,0x2324C,1,0,0-0,0-0
TEMP_REGISTER,RGF_VER_EPON_CTRL,0x361A8,1,0,0-0,0-0
TEMP_REGISTER,RGF_VER_ALE_RMA_ATTACK,0x26014,1,0,0-0,0-0
TEMP_REGISTER,RGF_VER_BIST_CTRL,0x310F8,1,0,0-0,0-0
TEMP_REGISTER,RGF_VER_EGR_OUTQ,0x2D1D8,1,0,0-0,0-0
TEMP_REGISTER,RGF_VER_EGR_SCH,0x2D97C,1,0,0-0,0-0
TEMP_REGISTER,RGF_VER_ALE_HSA,0x2A1AC,1,0,0-0,0-0
TEMP_REGISTER,RGF_VER_ALE_METER,0x25190,1,0,0-0,0-0
TEMP_REGISTER,RGF_VER_MIB_CTRL,0x34030,1,0,0-0,0-0
TEMP_REGISTER,RGF_VER_ALE_PISO,0x27074,1,0,0-0,0-0
TEMP_REGISTER,RGF_VER_CHIP_INFO,0x1000C,1,0,0-0,0-0
TEMP_REGISTER,RGF_VER_ALE_CF,0x1604C,1,0,0-0,0-0
TEMP_REGISTER,RGF_VER_PHY_IP,0x1F0A8,1,0,0-0,0-0
TEMP_REGISTER,RGF_VER_PONIP_GLB,0xF0006C,1,0,0-0,0-0
TEMP_REGISTER,RGF_VER_PONIP_US,0xF029F4,1,0,0-0,0-0
TEMP_REGISTER,RGF_VER_PONIP_DS,0xF0A124,1,0,0-0,0-0
TEMP_REGISTER,RGF_VER_SWPBO,0xF1216C,1,0,0-0,0-0
TEMP_REGISTER,FC_PON_DROP_CTRL,0x2D4,3,0,0-0,0-0
TEMP_REGISTER,RSVD_GLB_CTRL,0x2D8,1,32,0-3,0-0
TEMP_REGISTER,HASH_SEL_CTRL,0x1114C,2,0,0-0,0-0
TEMP_REGISTER,RSVD_ALE_GLB,0x11150,1,32,0-2,0-0
TEMP_REGISTER,RSVD_ALE_ACL,0x15578,1,32,0-3,0-0
TEMP_REGISTER,RSVD_ALE_CVLAN,0x1321C,1,32,0-3,0-0
TEMP_REGISTER,RSVD_ALE_DPM,0x1C4F4,1,32,0-3,0-0
TEMP_REGISTER,RSVD_ALE_L2,0x170FC,1,32,0-3,0-0
TEMP_REGISTER,RSVD_ALE_MLTVLAN,0x18004,1,32,0-3,0-0
TEMP_REGISTER,RSVD_ALE_SVLAN,0x14044,1,32,0-3,0-0
TEMP_REGISTER,RSVD_ALE_RLDP,0x1A034,1,32,0-3,0-0
TEMP_REGISTER,RSVD_ALE_EAV_AFBK,0x1B034,1,32,0-3,0-0
TEMP_REGISTER,RSVD_INTR,0x1D034,1,32,0-3,0-0
TEMP_REGISTER,RSVD_LED,0x1E098,1,32,0-3,0-0
TEMP_REGISTER,FC_DROP_CTRL,0x2002C,5,32,0-0,0-10
TEMP_REGISTER,DIVSYSCLK_TX_CTRL,0x20030,3,32,0-0,0-10
TEMP_REGISTER,RSVD_PER_PORT_MAC,0x20034,1,32,0-1,0-10
TEMP_REGISTER,RSVD_SDSREG,0x400EC,1,32,0-3,0-0
TEMP_REGISTER,RSVD_SWCORE,0x23250,1,32,0-3,0-0
TEMP_REGISTER,RSVD_EPON_CTRL,0x361AC,1,32,0-3,0-0
TEMP_REGISTER,RSVD_ALE_RMA_ATTACK,0x26018,1,32,0-3,0-0
TEMP_REGISTER,RSVD_BIST_CTRL,0x310FC,1,32,0-3,0-0
TEMP_REGISTER,RSVD_EGR_OUTQ,0x2D1DC,1,32,0-3,0-0
TEMP_REGISTER,RSVD_EGR_SCH,0x2D980,1,32,0-3,0-0
TEMP_REGISTER,RSVD_ALE_HSA,0x2A1B0,1,32,0-3,0-0
TEMP_REGISTER,RSVD_ALE_METER,0x25194,1,32,0-3,0-0
TEMP_REGISTER,RSVD_MIB_CTRL,0x34034,1,32,0-3,0-0
TEMP_REGISTER,RSVD_ALE_PISO,0x27078,1,32,0-3,0-0
TEMP_REGISTER,RSVD_CHIP_INFO,0x10010,1,32,0-3,0-0
TEMP_REGISTER,RSVD_ALE_CF,0x16050,1,32,0-3,0-0
TEMP_REGISTER,RSVD_PHY_IP,0x1F0AC,1,32,0-3,0-0
TEMP_REGISTER,PBO_DS_CLK_TUNE,0xF00070,8,0,0-0,0-0
TEMP_REGISTER,SYSCLK_TUNE,0xF00074,6,0,0-0,0-0
TEMP_REGISTER,RSVD_PONIP_GLB,0xF00078,1,32,0-1,0-0
TEMP_REGISTER,PON_SCH_ASIC_OPT,0xF029F8,3,0,0-0,0-0
TEMP_REGISTER,RSVD_PONIP_US,0xF029FC,1,32,0-2,0-0
TEMP_REGISTER,RSVD_PONIP_DS,0xF0A128,1,32,0-3,0-0
TEMP_REGISTER,RSVD_SWPBO,0xF12170,1,32,0-3,0-0
1PPSTOD_1_PLUSE_PER_SECOND_TIME_OF_DAY_,PPS_CTRL,0x1B044,3,0,0-0,0-0
1PPSTOD_1_PLUSE_PER_SECOND_TIME_OF_DAY_,TOD_FRAME_CONFIG,0x1B048,3,0,0-0,0-0
1PPSTOD_1_PLUSE_PER_SECOND_TIME_OF_DAY_,HARDWARE_DEFINE_FRAME_1,0x1B04C,2,0,0-0,0-0
1PPSTOD_1_PLUSE_PER_SECOND_TIME_OF_DAY_,HARDWARE_DEFINE_FRAME_0,0x1B050,1,0,0-0,0-0
1PPSTOD_1_PLUSE_PER_SECOND_TIME_OF_DAY_,SOFTWARE_DEFINE_FRAME_7,0x1B054,4,0,0-0,0-0
1PPSTOD_1_PLUSE_PER_SECOND_TIME_OF_DAY_,SOFTWARE_DEFINE_FRAME_6,0x1B058,4,0,0-0,0-0
1PPSTOD_1_PLUSE_PER_SECOND_TIME_OF_DAY_,SOFTWARE_DEFINE_FRAME_5,0x1B05C,4,0,0-0,0-0
1PPSTOD_1_PLUSE_PER_SECOND_TIME_OF_DAY_,SOFTWARE_DEFINE_FRAME_4,0x1B060,4,0,0-0,0-0
1PPSTOD_1_PLUSE_PER_SECOND_TIME_OF_DAY_,SOFTWARE_DEFINE_FRAME_3,0x1B064,4,0,0-0,0-0
1PPSTOD_1_PLUSE_PER_SECOND_TIME_OF_DAY_,SOFTWARE_DEFINE_FRAME_2,0x1B068,4,0,0-0,0-0
1PPSTOD_1_PLUSE_PER_SECOND_TIME_OF_DAY_,SOFTWARE_DEFINE_FRAME_1,0x1B06C,4,0,0-0,0-0
1PPSTOD_1_PLUSE_PER_SECOND_TIME_OF_DAY_,SOFTWARE_DEFINE_FRAME_0,0x1B070,4,0,0-0,0-0
1PPSTOD_1_PLUSE_PER_SECOND_TIME_OF_DAY_,TOD_BAUDRATE,0x1B074,2,0,0-0,0-0
1PPSTOD_1_PLUSE_PER_SECOND_TIME_OF_DAY_,TOD_DATA_FRAME,0x1B078,4,0,0-0,0-0
SDS_WDIG,SDS_WDIG_REG00,0x40480,2,0,0-0,0-0
SDS_WDIG,SDS_WDIG_REG01,0x40484,2,0,0-0,0-0
SDS_WDIG,SDS_WDIG_REG02,0x40488,2,0,0-0,0-0
SDS_WDIG,SDS_WDIG_REG03,0x4048C,2,0,0-0,0-0
SDS_WDIG,SDS_WDIG_REG04,0x40490,2,0,0-0,0-0
SDS_WDIG,SDS_WDIG_REG05,0x40494,2,0,0-0,0-0
SDS_WDIG,SDS_WDIG_REG06,0x40498,2,0,0-0,0-0
SDS_WDIG,SDS_WDIG_REG07,0x4049C,2,0,0-0,0-0
SDS_WDIG,SDS_WDIG_REG08,0x404A0,2,0,0-0,0-0
SDS_WDIG,SDS_WDIG_REG09,0x404A4,2,0,0-0,0-0
SDS_WDIG,SDS_WDIG_REG10,0x404A8,2,0,0-0,0-0
SDS_WDIG,SDS_WDIG_REG11,0x404AC,2,0,0-0,0-0
SDS_WDIG,SDS_WDIG_REG12,0x404B0,2,0,0-0,0-0
SDS_WDIG,SDS_WDIG_REG13,0x404B4,2,0,0-0,0-0
SDS_WDIG,SDS_WDIG_REG14,0x404B8,2,0,0-0,0-0
SDS_WDIG,SDS_WDIG_REG15,0x404BC,2,0,0-0,0-0
SDS_WDIG,SDS_WDIG_REG16,0x404C0,5,0,0-0,0-0
SDS_MISC,SDS_ANA_MISC_REG00,0x40500,17,0,0-0,0-0
SDS_MISC,SDS_ANA_MISC_REG01,0x40504,14,0,0-0,0-0
SDS_MISC,SDS_ANA_MISC_REG02,0x40508,17,0,0-0,0-0
SDS_MISC,SDS_ANA_MISC_REG03,0x4050C,2,0,0-0,0-0
SDS_MISC,SDS_ANA_MISC_REG04,0x40510,2,0,0-0,0-0
SDS_MISC,SDS_ANA_MISC_REG05,0x40514,2,0,0-0,0-0
SDS_MISC,SDS_ANA_MISC_REG06,0x40518,2,0,0-0,0-0
SDS_MISC,SDS_ANA_MISC_REG07,0x4051C,2,0,0-0,0-0
SDS_MISC,SDS_ANA_MISC_REG08,0x40520,2,0,0-0,0-0
SDS_MISC,SDS_ANA_MISC_REG09,0x40524,2,0,0-0,0-0
SDS_MISC,SDS_ANA_MISC_REG10,0x40528,2,0,0-0,0-0
SDS_MISC,SDS_ANA_MISC_REG11,0x4052C,2,0,0-0,0-0
SDS_MISC,SDS_ANA_MISC_REG12,0x40530,2,0,0-0,0-0
SDS_MISC,SDS_ANA_MISC_REG13,0x40534,2,0,0-0,0-0
SDS_MISC,SDS_ANA_MISC_REG14,0x40538,2,0,0-0,0-0
SDS_MISC,SDS_ANA_MISC_REG15,0x4053C,2,0,0-0,0-0
SDS_MISC,SDS_ANA_MISC_REG16,0x40540,10,0,0-0,0-0
SDS_MISC,SDS_ANA_MISC_REG17,0x40544,2,0,0-0,0-0
SDS_MISC,SDS_ANA_MISC_REG18,0x40548,2,0,0-0,0-0
SDS_MISC,SDS_ANA_MISC_REG19,0x4054C,2,0,0-0,0-0
SDS_MISC,SDS_ANA_MISC_REG20,0x40550,2,0,0-0,0-0
SDS_MISC,SDS_ANA_MISC_REG21,0x40554,2,0,0-0,0-0
SDS_MISC,SDS_ANA_MISC_REG22,0x40558,2,0,0-0,0-0
SDS_MISC,SDS_ANA_MISC_REG23,0x4055C,2,0,0-0,0-0
SDS_MISC,SDS_ANA_MISC_REG24,0x40560,2,0,0-0,0-0
SDS_MISC,SDS_ANA_MISC_REG25,0x40564,2,0,0-0,0-0
SDS_MISC,SDS_ANA_MISC_REG26,0x40568,2,0,0-0,0-0
SDS_MISC,SDS_ANA_MISC_REG27,0x4056C,2,0,0-0,0-0
SDS_MISC,SDS_ANA_MISC_REG28,0x40570,2,0,0-0,0-0
SDS_MISC,SDS_ANA_MISC_REG29,0x40574,2,0,0-0,0-0
SDS_MISC,SDS_ANA_MISC_REG30,0x40578,2,0,0-0,0-0
SDS_MISC,SDS_ANA_MISC_REG31,0x4057C,2,0,0-0,0-0
SDS_COM,SDS_ANA_COM_REG00,0x40580,8,0,0-0,0-0
SDS_COM,SDS_ANA_COM_REG01,0x40584,3,0,0-0,0-0
SDS_COM,SDS_ANA_COM_REG02,0x40588,8,0,0-0,0-0
SDS_COM,SDS_ANA_COM_REG03,0x4058C,15,0,0-0,0-0
SDS_COM,SDS_ANA_COM_REG04,0x40590,10,0,0-0,0-0
SDS_COM,SDS_ANA_COM_REG05,0x40594,6,0,0-0,0-0
SDS_COM,SDS_ANA_COM_REG06,0x40598,4,0,0-0,0-0
SDS_COM,SDS_ANA_COM_REG07,0x4059C,4,0,0-0,0-0
SDS_COM,SDS_ANA_COM_REG08,0x405A0,8,0,0-0,0-0
SDS_COM,SDS_ANA_COM_REG09,0x405A4,13,0,0-0,0-0
SDS_COM,SDS_ANA_COM_REG10,0x405A8,5,0,0-0,0-0
SDS_COM,SDS_ANA_COM_REG11,0x405AC,10,0,0-0,0-0
SDS_COM,SDS_ANA_COM_REG12,0x405B0,4,0,0-0,0-0
SDS_COM,SDS_ANA_COM_REG13,0x405B4,11,0,0-0,0-0
SDS_COM,SDS_ANA_COM_REG14,0x405B8,9,0,0-0,0-0
SDS_COM,SDS_ANA_COM_REG15,0x405BC,10,0,0-0,0-0
SDS_COM,SDS_ANA_COM_REG16,0x405C0,6,0,0-0,0-0
SDS_COM,SDS_ANA_COM_REG17,0x405C4,13,0,0-0,0-0
SDS_COM,SDS_ANA_COM_REG18,0x405C8,9,0,0-0,0-0
SDS_COM,SDS_ANA_COM_REG19,0x405CC,2,0,0-0,0-0
SDS_COM,SDS_ANA_COM_REG20,0x405D0,3,0,0-0,0-0
SDS_COM,SDS_ANA_COM_REG21,0x405D4,9,0,0-0,0-0
SDS_COM,SDS_ANA_COM_REG22,0x405D8,11,0,0-0,0-0
SDS_COM,SDS_ANA_COM_REG23,0x405DC,9,0,0-0,0-0
SDS_COM,SDS_ANA_COM_REG24,0x405E0,10,0,0-0,0-0
SDS_COM,SDS_ANA_COM_REG25,0x405E4,12,0,0-0,0-0
SDS_COM,SDS_ANA_COM_REG26,0x405E8,11,0,0-0,0-0
SDS_COM,SDS_ANA_COM_REG27,0x405EC,6,0,0-0,0-0
SDS_COM,SDS_ANA_COM_REG28,0x405F0,4,0,0-0,0-0
SDS_COM,SDS_ANA_COM_REG29,0x405F4,4,0,0-0,0-0
SDS_COM,SDS_ANA_COM_REG30,0x405F8,10,0,0-0,0-0
SDS_COM,SDS_ANA_COM_REG31,0x405FC,12,0,0-0,0-0
SDS_SPD,SDS_ANA_SPD_REG32,0x40600,5,0,0-0,0-0
SDS_SPD,SDS_ANA_SPD_REG33,0x40604,3,0,0-0,0-0
SDS_SPD,SDS_ANA_SPD_REG34,0x40608,9,0,0-0,0-0
SDS_SPD,SDS_ANA_SPD_REG35,0x4060C,7,0,0-0,0-0
SDS_SPD,SDS_ANA_SPD_REG36,0x40610,6,0,0-0,0-0
SDS_SPD,SDS_ANA_SPD_REG37,0x40614,5,0,0-0,0-0
SDS_SPD,SDS_ANA_SPD_REG38,0x40618,7,0,0-0,0-0
SDS_SPD,SDS_ANA_SPD_REG39,0x4061C,5,0,0-0,0-0
SDS_SPD,SDS_ANA_SPD_REG40,0x40620,3,0,0-0,0-0
SDS_SPD,SDS_ANA_SPD_REG41,0x40624,4,0,0-0,0-0
SDS_SPD,SDS_ANA_SPD_REG42,0x40628,3,0,0-0,0-0
SDS_SPD,SDS_ANA_SPD_REG43,0x4062C,6,0,0-0,0-0
SDS_SPD,SDS_ANA_SPD_REG44,0x40630,3,0,0-0,0-0
SDS_SPD,SDS_ANA_SPD_REG45,0x40634,3,0,0-0,0-0
SDS_SPD,SDS_ANA_SPD_REG46,0x40638,3,0,0-0,0-0
SDS_SPD,SDS_ANA_SPD_REG47,0x4063C,3,0,0-0,0-0
SDS_SPD,SDS_ANA_SPD_REG48,0x40640,3,0,0-0,0-0
SDS_SPD_1P25G,SDS_ANA_1P25_REG32,0x40680,5,0,0-0,0-0
SDS_SPD_1P25G,SDS_ANA_1P25_REG33,0x40684,3,0,0-0,0-0
SDS_SPD_1P25G,SDS_ANA_1P25_REG34,0x40688,9,0,0-0,0-0
SDS_SPD_1P25G,SDS_ANA_1P25_REG35,0x4068C,7,0,0-0,0-0
SDS_SPD_1P25G,SDS_ANA_1P25_REG36,0x40690,6,0,0-0,0-0
SDS_SPD_1P25G,SDS_ANA_1P25_REG37,0x40694,5,0,0-0,0-0
SDS_SPD_1P25G,SDS_ANA_1P25_REG38,0x40698,7,0,0-0,0-0
SDS_SPD_1P25G,SDS_ANA_1P25_REG39,0x4069C,5,0,0-0,0-0
SDS_SPD_1P25G,SDS_ANA_1P25_REG40,0x406A0,3,0,0-0,0-0
SDS_SPD_1P25G,SDS_ANA_1P25_REG41,0x406A4,4,0,0-0,0-0
SDS_SPD_1P25G,SDS_ANA_1P25_REG42,0x406A8,3,0,0-0,0-0
SDS_SPD_1P25G,SDS_ANA_1P25_REG43,0x406AC,6,0,0-0,0-0
SDS_SPD_1P25G,SDS_ANA_1P25_REG44,0x406B0,3,0,0-0,0-0
SDS_SPD_1P25G,SDS_ANA_1P25_REG45,0x406B4,3,0,0-0,0-0
SDS_SPD_1P25G,SDS_ANA_1P25_REG46,0x406B8,3,0,0-0,0-0
SDS_SPD_1P25G,SDS_ANA_1P25_REG47,0x406BC,3,0,0-0,0-0
SDS_SPD_1P25G,SDS_ANA_1P25_REG48,0x406C0,3,0,0-0,0-0
SDS_SPD_GPON,SDS_ANA_GPON_REG32,0x40700,5,0,0-0,0-0
SDS_SPD_GPON,SDS_ANA_GPON_REG33,0x40704,3,0,0-0,0-0
SDS_SPD_GPON,SDS_ANA_GPON_REG34,0x40708,9,0,0-0,0-0
SDS_SPD_GPON,SDS_ANA_GPON_REG35,0x4070C,7,0,0-0,0-0
SDS_SPD_GPON,SDS_ANA_GPON_REG36,0x40710,6,0,0-0,0-0
SDS_SPD_GPON,SDS_ANA_GPON_REG37,0x40714,5,0,0-0,0-0
SDS_SPD_GPON,SDS_ANA_GPON_REG38,0x40718,7,0,0-0,0-0
SDS_SPD_GPON,SDS_ANA_GPON_REG39,0x4071C,5,0,0-0,0-0
SDS_SPD_GPON,SDS_ANA_GPON_REG40,0x40720,3,0,0-0,0-0
SDS_SPD_GPON,SDS_ANA_GPON_REG41,0x40724,4,0,0-0,0-0
SDS_SPD_GPON,SDS_ANA_GPON_REG42,0x40728,3,0,0-0,0-0
SDS_SPD_GPON,SDS_ANA_GPON_REG43,0x4072C,6,0,0-0,0-0
SDS_SPD_GPON,SDS_ANA_GPON_REG44,0x40730,3,0,0-0,0-0
SDS_SPD_GPON,SDS_ANA_GPON_REG45,0x40734,3,0,0-0,0-0
SDS_SPD_GPON,SDS_ANA_GPON_REG46,0x40738,3,0,0-0,0-0
SDS_SPD_GPON,SDS_ANA_GPON_REG47,0x4073C,3,0,0-0,0-0
SDS_SPD_GPON,SDS_ANA_GPON_REG48,0x40740,3,0,0-0,0-0
SDS_SPD_EPON,SDS_ANA_EPON_REG32,0x40780,5,0,0-0,0-0
SDS_SPD_EPON,SDS_ANA_EPON_REG33,0x40784,3,0,0-0,0-0
SDS_SPD_EPON,SDS_ANA_EPON_REG34,0x40788,9,0,0-0,0-0
SDS_SPD_EPON,SDS_ANA_EPON_REG35,0x4078C,7,0,0-0,0-0
SDS_SPD_EPON,SDS_ANA_EPON_REG36,0x40790,6,0,0-0,0-0
SDS_SPD_EPON,SDS_ANA_EPON_REG37,0x40794,5,0,0-0,0-0
SDS_SPD_EPON,SDS_ANA_EPON_REG38,0x40798,7,0,0-0,0-0
SDS_SPD_EPON,SDS_ANA_EPON_REG39,0x4079C,5,0,0-0,0-0
SDS_SPD_EPON,SDS_ANA_EPON_REG40,0x407A0,3,0,0-0,0-0
SDS_SPD_EPON,SDS_ANA_EPON_REG41,0x407A4,4,0,0-0,0-0
SDS_SPD_EPON,SDS_ANA_EPON_REG42,0x407A8,3,0,0-0,0-0
SDS_SPD_EPON,SDS_ANA_EPON_REG43,0x407AC,6,0,0-0,0-0
SDS_SPD_EPON,SDS_ANA_EPON_REG44,0x407B0,3,0,0-0,0-0
SDS_SPD_EPON,SDS_ANA_EPON_REG45,0x407B4,3,0,0-0,0-0
SDS_SPD_EPON,SDS_ANA_EPON_REG46,0x407B8,3,0,0-0,0-0
SDS_SPD_EPON,SDS_ANA_EPON_REG47,0x407BC,3,0,0-0,0-0
SDS_SPD_EPON,SDS_ANA_EPON_REG48,0x407C0,3,0,0-0,0-0
OTHER,FC_SWPBO_P_EGR_DROP_TH,0x2D1EC,2,0,0-0,0-0
OTHER,FC_SWPBO_USED_PAGE_CNT,0x2D1F0,4,0,0-0,0-0
OTHER,FC_SWPBO_Q_USED_PAGE_CNT,0x2D1F4,4,0,0-0,0-0
OTHER,FC_SWPBO_GLB_HI_TH,0x23260,4,0,0-0,0-0
OTHER,FC_SWPBO_GLB_LO_TH,0x23264,4,0,0-0,0-0
OTHER,FC_SWPBO_P_HI_TH,0x23268,4,0,0-0,0-0
OTHER,FC_SWPBO_P_LO_TH,0x2326C,4,0,0-0,0-0
OTHER,FC_PON_GLB_DROP_HI_TH,0x23270,4,0,0-0,0-0
OTHER,FC_PON_GLB_DROP_LO_TH,0x23274,4,0,0-0,0-0
OTHER,FC_PON_P_DROP_HI_TH,0x23278,4,0,0-0,0-0
OTHER,FC_PON_P_DROP_LO_TH,0x2327C,4,0,0-0,0-0
OTHER,FC_P_USED_PAGE_CNT_X11,0x23280,4,0,0-0,0-0
OTHER,LUT_SA_TRF,0x1710C,1,32,0-65,0-0
OTHER,PTP_PON_TOD_FREERUN_NSEC,0x1B07C,3,64,0-0,0-0
OTHER,PON_INBW_HBOUND,0x23284,2,0,0-0,0-0
OTHER,PON_INBW_LBOUND,0x23288,2,0,0-0,0-0
OTHER,STAT_L34_FLOW_RST,0x34044,1,1,0-31,0-0
OTHER,SW_PBO_PORT_EN,0x1C504,1,1,0-0,0-4
OTHER,CFG_RGMII_CTRL_1,0x2E8,9,0,0-0,0-0
OTHER,CFG_EXT_CTRL_1,0x2EC,12,0,0-0,0-0
OTHER,CFG_EXT_IO_1,0x2F0,8,0,0-0,0-0
OTHER,EPON_Q_RPT_LVL1,0xF02A08,1,16,0-7,0-0
OTHER,EPON_Q_RPT_LVL2,0xF02A18,1,16,0-7,0-0
OTHER,EPON_Q_RPT_LVL3,0xF02A28,1,16,0-7,0-0
OTHER,EPON_KT_REPORT_CTRL,0xF02A38,3,0,0-0,0-0
OTHER,PONSCH_PIR_SIDOV,0xF02A3C,2,0,0-0,0-0
OTHER,PON_RATE_CTRL,0x2D990,3,0,0-0,0-0
OTHER,WRR_LB_CNT,0x2D994,2,0,0-0,0-0
OTHER,METER_KEEP_FF,0x251A4,2,0,0-0,0-0
OTHER,FORCE_P_ABLTY_X11,0x2F4,15,0,0-0,0-0
OTHER,P_ABLTY_X11,0x2F8,15,0,0-0,0-0
OTHER,ABLTY_FORCE_MODE_X11,0x2FC,17,0,0-0,0-0
OTHER,SSC_CTRL_0_X2,0x300,7,0,0-0,0-0
OTHER,SSC_CTRL_1_X2,0x304,2,0,0-0,0-0
OTHER,SSC_CTRL_2_X2,0x308,2,0,0-0,0-0
OTHER,SSC_CTRL_3_X2,0x30C,8,0,0-0,0-0
OTHER,SSC_CTRL_4_X2,0x310,4,0,0-0,0-0
OTHER,SSC_CTRL_5_X2,0x314,6,0,0-0,0-0
OTHER,SSC_STS_X2,0x318,6,0,0-0,0-0
OTHER,EPON_TX_SD_CHK,0x361BC,3,0,0-0,0-0
OTHER,INIC_CTRL,0x1115C,2,0,0-0,0-0
OTHER,OTP_DBG_CTRL,0x31C,10,0,0-0,0-0
OTHER,OTP_DBG_MSK,0x320,1,0,0-0,0-0
OTHER,OTP_DBG_CMP_VAL,0x324,1,0,0-0,0-0
OTHER,OTP_DBG_ACK,0x328,2,0,0-0,0-0
OTHER,OTP_DBG_X0,0x32C,1,0,0-0,0-0
OTHER,OTP_DBG_X1,0x330,1,0,0-0,0-0
OTHER,OTP_DBG_X2,0x334,1,0,0-0,0-0
OTHER,OTP_DBG_X3,0x338,1,0,0-0,0-0
OTHER,OTP_DBG_X4,0x33C,1,0,0-0,0-0
OTHER,OTP_DBG_X5,0x340,1,0,0-0,0-0
OTHER,OTP_DBG_X6,0x344,1,0,0-0,0-0
OTHER,OTP_DBG_X7,0x348,1,0,0-0,0-0
OTHER,OTP_DBG_CUR_VAL,0x34C,1,0,0-0,0-0
OTHER,CPU_PLL_CTRL,0x350,12,0,0-0,0-0
OTHER,CPU_PLL_CTRL_DUMMY,0x354,5,0,0-0,0-0
