PARSER_HSB,HSB_DATA_TABLE,BGDSC,845,10
PARSER_HSB,HSB_DATA_TABLE,ENDSC,835,10
PARSER_HSB,HSB_DATA_TABLE,SPA,831,4
PARSER_HSB,HSB_DATA_TABLE,USER_FIELD_7,815,16
PARSER_HSB,HSB_DATA_TABLE,USER_FIELD_6,799,16
PARSER_HSB,HSB_DATA_TABLE,USER_FIELD_5,783,16
PARSER_HSB,HSB_DATA_TABLE,USER_FIELD_4,767,16
PARSER_HSB,HSB_DATA_TABLE,USER_FIELD_3,751,16
PARSER_HSB,HSB_DATA_TABLE,USER_FIELD_2,735,16
PARSER_HSB,HSB_DATA_TABLE,USER_FIELD_1,719,16
PARSER_HSB,HSB_DATA_TABLE,USER_FIELD_0,703,16
PARSER_HSB,HSB_DATA_TABLE,USER_VALID,695,8
PARSER_HSB,HSB_DATA_TABLE,DEFAULT_FILED_3,685,10
PARSER_HSB,HSB_DATA_TABLE,DEFAULT_FILED_2,669,16
PARSER_HSB,HSB_DATA_TABLE,DEFAULT_FILED_1,653,16
PARSER_HSB,HSB_DATA_TABLE,DEFAULT_FILED_0,637,16
PARSER_HSB,HSB_DATA_TABLE,GRE_SEQ_FLAG,636,1
PARSER_HSB,HSB_DATA_TABLE,SESSION_SEQNO,604,32
PARSER_HSB,HSB_DATA_TABLE,L3PROTOCOL_NH,596,8
PARSER_HSB,HSB_DATA_TABLE,DIP6,468,128
PARSER_HSB,HSB_DATA_TABLE,SIP6,340,128
PARSER_HSB,HSB_DATA_TABLE,IP6_HN_RG,339,1
PARSER_HSB,HSB_DATA_TABLE,CKS_OK_L4,338,1
PARSER_HSB,HSB_DATA_TABLE,CKS_OK_L3,337,1
PARSER_HSB,HSB_DATA_TABLE,TTL_GT1,336,1
PARSER_HSB,HSB_DATA_TABLE,TTL_GT5,335,1
PARSER_HSB,HSB_DATA_TABLE,L4_TYPE,332,3
PARSER_HSB,HSB_DATA_TABLE,PPTP_L2TP_ID,316,16
PARSER_HSB,HSB_DATA_TABLE,PPPOE_SESSION,300,16
PARSER_HSB,HSB_DATA_TABLE,DIP,268,32
PARSER_HSB,HSB_DATA_TABLE,SIP,236,32
PARSER_HSB,HSB_DATA_TABLE,TC,228,8
PARSER_HSB,HSB_DATA_TABLE,TOS,220,8
PARSER_HSB,HSB_DATA_TABLE,IP6_IF,219,1
PARSER_HSB,HSB_DATA_TABLE,IP2_IF,218,1
PARSER_HSB,HSB_DATA_TABLE,IP_IF,217,1
PARSER_HSB,HSB_DATA_TABLE,PTP_IF,216,1
PARSER_HSB,HSB_DATA_TABLE,OAMPDU,215,1
PARSER_HSB,HSB_DATA_TABLE,RLDP_IF,214,1
PARSER_HSB,HSB_DATA_TABLE,LLC_OTHER,213,1
PARSER_HSB,HSB_DATA_TABLE,DUAL_IP,211,2
PARSER_HSB,HSB_DATA_TABLE,PPPOE_IF,210,1
PARSER_HSB,HSB_DATA_TABLE,SNAP_IF,209,1
PARSER_HSB,HSB_DATA_TABLE,ETHER_TYPE,193,16
PARSER_HSB,HSB_DATA_TABLE,CTAG,177,16
PARSER_HSB,HSB_DATA_TABLE,CTAG_IF,176,1
PARSER_HSB,HSB_DATA_TABLE,STAG,160,16
PARSER_HSB,HSB_DATA_TABLE,STAG_TPID,159,1
PARSER_HSB,HSB_DATA_TABLE,STAG_IF,158,1
PARSER_HSB,HSB_DATA_TABLE,CPUTAG_PMSK_7_0,150,8
PARSER_HSB,HSB_DATA_TABLE,CPUTAG_PMSK_10_8,147,3
PARSER_HSB,HSB_DATA_TABLE,CPUTAG_PRISEL,145,1
PARSER_HSB,HSB_DATA_TABLE,CPUTAG_PRI,142,3
PARSER_HSB,HSB_DATA_TABLE,CPUTAG_KEEP,141,1
PARSER_HSB,HSB_DATA_TABLE,CPUTAG_DISLRN,139,1
PARSER_HSB,HSB_DATA_TABLE,CPUTAG_PSEL,138,1
PARSER_HSB,HSB_DATA_TABLE,CPUTAG_DIRTX,135,1
PARSER_HSB,HSB_DATA_TABLE,EXTSPA,131,3
PARSER_HSB,HSB_DATA_TABLE,CPUTAG_PPPOE_ACT,129,2
PARSER_HSB,HSB_DATA_TABLE,CPUTAG_PPPOE_IDX,125,4
PARSER_HSB,HSB_DATA_TABLE,CPUTAG_PON_SID,118,7
PARSER_HSB,HSB_DATA_TABLE,CPUTAG_IF,117,1
PARSER_HSB,HSB_DATA_TABLE,SA,69,48
PARSER_HSB,HSB_DATA_TABLE,DA,21,48
PARSER_HSB,HSB_DATA_TABLE,PON_IDX,14,7
PARSER_HSB,HSB_DATA_TABLE,PKT_LEN,0,14
PARSER_HSB,HSB_DATA_TABLE2,BGDSC,849,10
PARSER_HSB,HSB_DATA_TABLE2,ENDSC,839,10
PARSER_HSB,HSB_DATA_TABLE2,SPA,835,4
PARSER_HSB,HSB_DATA_TABLE2,USER_FIELD_7,819,16
PARSER_HSB,HSB_DATA_TABLE2,USER_FIELD_6,803,16
PARSER_HSB,HSB_DATA_TABLE2,USER_FIELD_5,787,16
PARSER_HSB,HSB_DATA_TABLE2,USER_FIELD_4,771,16
PARSER_HSB,HSB_DATA_TABLE2,USER_FIELD_3,755,16
PARSER_HSB,HSB_DATA_TABLE2,USER_FIELD_2,739,16
PARSER_HSB,HSB_DATA_TABLE2,USER_FIELD_1,723,16
PARSER_HSB,HSB_DATA_TABLE2,USER_FIELD_0,707,16
PARSER_HSB,HSB_DATA_TABLE2,USER_VALID,699,8
PARSER_HSB,HSB_DATA_TABLE2,DEFAULT_FILED_3,689,10
PARSER_HSB,HSB_DATA_TABLE2,DEFAULT_FILED_2,673,16
PARSER_HSB,HSB_DATA_TABLE2,DEFAULT_FILED_1,657,16
PARSER_HSB,HSB_DATA_TABLE2,DEFAULT_FILED_0,641,16
PARSER_HSB,HSB_DATA_TABLE2,GRE_SEQ_FLAG,640,1
PARSER_HSB,HSB_DATA_TABLE2,SESSION_SEQNO,608,32
PARSER_HSB,HSB_DATA_TABLE2,L3PROTOCOL_NH,600,8
PARSER_HSB,HSB_DATA_TABLE2,DIP6,472,128
PARSER_HSB,HSB_DATA_TABLE2,SIP6,344,128
PARSER_HSB,HSB_DATA_TABLE2,IP6_HN_RG,343,1
PARSER_HSB,HSB_DATA_TABLE2,CKS_OK_L4_INNER,342,1
PARSER_HSB,HSB_DATA_TABLE2,CKS_OK_L3_INNER,341,1
PARSER_HSB,HSB_DATA_TABLE2,CKS_OK_L4,340,1
PARSER_HSB,HSB_DATA_TABLE2,CKS_OK_L3,339,1
PARSER_HSB,HSB_DATA_TABLE2,TTL_GT1_INNER,338,1
PARSER_HSB,HSB_DATA_TABLE2,IHL_GT5_INNER,337,1
PARSER_HSB,HSB_DATA_TABLE2,TTL_GT1,336,1
PARSER_HSB,HSB_DATA_TABLE2,IHL_GT5,335,1
PARSER_HSB,HSB_DATA_TABLE2,L4_TYPE,332,3
PARSER_HSB,HSB_DATA_TABLE2,PPTP_L2TP_ID,316,16
PARSER_HSB,HSB_DATA_TABLE2,PPPOE_SESSION,300,16
PARSER_HSB,HSB_DATA_TABLE2,DIP,268,32
PARSER_HSB,HSB_DATA_TABLE2,SIP,236,32
PARSER_HSB,HSB_DATA_TABLE2,TC,228,8
PARSER_HSB,HSB_DATA_TABLE2,TOS,220,8
PARSER_HSB,HSB_DATA_TABLE2,IP6_IF,219,1
PARSER_HSB,HSB_DATA_TABLE2,IP2_IF,218,1
PARSER_HSB,HSB_DATA_TABLE2,IP_IF,217,1
PARSER_HSB,HSB_DATA_TABLE2,PTP_IF,216,1
PARSER_HSB,HSB_DATA_TABLE2,OAMPDU,215,1
PARSER_HSB,HSB_DATA_TABLE2,RLDP_IF,214,1
PARSER_HSB,HSB_DATA_TABLE2,LLC_OTHER,213,1
PARSER_HSB,HSB_DATA_TABLE2,DUAL_IP,211,2
PARSER_HSB,HSB_DATA_TABLE2,PPPOE_IF,210,1
PARSER_HSB,HSB_DATA_TABLE2,SNAP_IF,209,1
PARSER_HSB,HSB_DATA_TABLE2,ETHER_TYPE,193,16
PARSER_HSB,HSB_DATA_TABLE2,CTAG,177,16
PARSER_HSB,HSB_DATA_TABLE2,CTAG_IF,176,1
PARSER_HSB,HSB_DATA_TABLE2,STAG,160,16
PARSER_HSB,HSB_DATA_TABLE2,STAG_TPID,159,1
PARSER_HSB,HSB_DATA_TABLE2,STAG_IF,158,1
PARSER_HSB,HSB_DATA_TABLE2,CPUTAG_PMSK_7_0,150,8
PARSER_HSB,HSB_DATA_TABLE2,CPUTAG_PMSK_10_8,147,3
PARSER_HSB,HSB_DATA_TABLE2,CPUTAG_PRISEL,145,1
PARSER_HSB,HSB_DATA_TABLE2,CPUTAG_PRI,142,3
PARSER_HSB,HSB_DATA_TABLE2,CPUTAG_KEEP,141,1
PARSER_HSB,HSB_DATA_TABLE2,CPUTAG_DISLRN,139,1
PARSER_HSB,HSB_DATA_TABLE2,CPUTAG_PSEL,138,1
PARSER_HSB,HSB_DATA_TABLE2,CPUTAG_DIRTX,135,1
PARSER_HSB,HSB_DATA_TABLE2,EXTSPA,131,3
PARSER_HSB,HSB_DATA_TABLE2,CPUTAG_PPPOE_ACT,129,2
PARSER_HSB,HSB_DATA_TABLE2,CPUTAG_PPPOE_IDX,125,4
PARSER_HSB,HSB_DATA_TABLE2,CPUTAG_PON_SID,118,7
PARSER_HSB,HSB_DATA_TABLE2,CPUTAG_IF,117,1
PARSER_HSB,HSB_DATA_TABLE2,SA,69,48
PARSER_HSB,HSB_DATA_TABLE2,DA,21,48
PARSER_HSB,HSB_DATA_TABLE2,PON_IDX,14,7
PARSER_HSB,HSB_DATA_TABLE2,PKT_LEN,0,14
PARSER_HSB,HSB_PAR_TABLE,RNG_PARSER_SEL_DMAC,72,2
PARSER_HSB,HSB_PAR_TABLE,RNG_PARSER_RX_PKTLEN,58,14
PARSER_HSB,HSB_PAR_TABLE,RNG_PARSER_MPCP_OMCI,57,1
PARSER_HSB,HSB_PAR_TABLE,RNG_PARSER_PONIDX,50,7
PARSER_HSB,HSB_PAR_TABLE,RNG_PARSER_GATEWAYMAC,49,1
PARSER_HSB,HSB_PAR_TABLE,RNG_PARSER_MYRLDP,48,1
PARSER_HSB,HSB_PAR_TABLE,RNG_PARSER_PRI_CTAG,47,1
PARSER_HSB,HSB_PAR_TABLE,RNG_PARSER_IPV4_RESV_MC,46,1
PARSER_HSB,HSB_PAR_TABLE,RNG_PARSER_IPV6_RESV_MC,45,1
PARSER_HSB,HSB_PAR_TABLE,RNG_PARSER_EXT_PMSK,27,18
PARSER_HSB,HSB_PAR_TABLE,RNG_PARSER_PHY_PMSK,16,11
PARSER_HSB,HSB_PAR_TABLE,RNG_PARSER_CISCO_RMA_TYPE,15,1
PARSER_HSB,HSB_PAR_TABLE,RNG_PARSER_RMA_TYPE,14,1
PARSER_HSB,HSB_PAR_TABLE,RNG_PARSER_ICMP_IF,13,1
PARSER_HSB,HSB_PAR_TABLE,RNG_PARSER_IGMP_MLD_IF,12,1
PARSER_HSB,HSB_PAR_TABLE,RNG_PARSER_UDP_IF,11,1
PARSER_HSB,HSB_PAR_TABLE,RNG_PARSER_TCP_IF,10,1
PARSER_HSB,HSB_PAR_TABLE,RNG_PARSER_FRM_WAN,9,1
PARSER_HSB,HSB_PAR_TABLE,RNG_PARSER_FRM_PROVIDER,8,1
PARSER_HSB,HSB_PAR_TABLE,RNG_PARSER_FRM_EXT,7,1
PARSER_HSB,HSB_PAR_TABLE,RNG_PARSER_FRM_DSPBO,6,1
PARSER_HSB,HSB_PAR_TABLE,RNG_PARSER_DUALIP_ERR,5,1
PARSER_HSB,HSB_PAR_TABLE,RNG_PARSER_BRD,4,1
PARSER_HSB,HSB_PAR_TABLE,RNG_PARSER_IPV6MLT,3,1
PARSER_HSB,HSB_PAR_TABLE,RNG_PARSER_IPV4MLT,2,1
PARSER_HSB,HSB_PAR_TABLE,RNG_PARSER_L2MLT,1,1
PARSER_HSB,HSB_PAR_TABLE,RNG_PARSER_UNI,0,1
MODIFIER_HSA,HSA_DATA_FB,DBGHSA_BGDSC,720,10
MODIFIER_HSA,HSA_DATA_FB,DBGHSA_OQ_ENDSC,710,10
MODIFIER_HSA,HSA_DATA_FB,DBGHSA_OQ_PKTLEN,696,14
MODIFIER_HSA,HSA_DATA_FB,DBGHSA_OQ_SID,689,7
MODIFIER_HSA,HSA_DATA_FB,DBGHSA_OQ_SPA,685,4
MODIFIER_HSA,HSA_DATA_FB,DBGHSA_OQ_FLOODPKT,684,1
MODIFIER_HSA,HSA_DATA_FB,DBGHSA_OQ_QID,651,33
MODIFIER_HSA,HSA_DATA_FB,DBGHSA_OQ_DPM,640,11
MODIFIER_HSA,HSA_DATA_FB,DBGHSA_OQ_FB,639,1
MODIFIER_HSA,HSA_DATA_FB,DBGHSA_OQ_DRPPKT,638,1
MODIFIER_HSA,HSA_DATA_FB,DBGHSA_FBRSVD,578,60
MODIFIER_HSA,HSA_DATA_FB,DBGHSA_L2HSA_C_VLANINFO,548,30
MODIFIER_HSA,HSA_DATA_FB,DBGHSA_L2HSA_PON_C_VLANINFO,518,30
MODIFIER_HSA,HSA_DATA_FB,DBGHSA_L2HSA_S_VLANINFO,488,30
MODIFIER_HSA,HSA_DATA_FB,DBGHSA_L2HSA_PON_S_VLANINFO,458,30
MODIFIER_HSA,HSA_DATA_FB,DBGHSA_L2HSA_ENDSC,448,10
MODIFIER_HSA,HSA_DATA_FB,DBGHSA_L2HSA_DSCP_REM_EN,447,1
MODIFIER_HSA,HSA_DATA_FB,DBGHSA_L2HSA_DSCP_REM_VAL,439,8
MODIFIER_HSA,HSA_DATA_FB,DBGHSA_L2HSA_TRAP_HASH,438,1
MODIFIER_HSA,HSA_DATA_FB,DBGHSA_L2HSA_C_1PREM_EN,437,1
MODIFIER_HSA,HSA_DATA_FB,DBGHSA_L2HSA_C_1PREM_VAL,434,3
MODIFIER_HSA,HSA_DATA_FB,DBGHSA_L2HSA_C_TAGCFI,433,1
MODIFIER_HSA,HSA_DATA_FB,DBGHSA_L2HSA_C_TAGPRI,430,3
MODIFIER_HSA,HSA_DATA_FB,DBGHSA_L2HSA_CPUTAG_PRI,427,3
MODIFIER_HSA,HSA_DATA_FB,DBGHSA_L2HSA_DATYPE,425,2
MODIFIER_HSA,HSA_DATA_FB,DBGHSA_L2HSA_INTPRI,422,3
MODIFIER_HSA,HSA_DATA_FB,DBGHSA_L2HSA_L2TYPE,420,2
MODIFIER_HSA,HSA_DATA_FB,DBGHSA_L2HSA_L3TYPE,417,3
MODIFIER_HSA,HSA_DATA_FB,DBGHSA_L2HSA_L4TYPE,414,3
MODIFIER_HSA,HSA_DATA_FB,DBGHSA_L2HSA_MCTYPE,412,2
MODIFIER_HSA,HSA_DATA_FB,DBGHSA_L2HSA_REGEN_CRC,411,1
MODIFIER_HSA,HSA_DATA_FB,DBGHSA_L2HSA_PISO_LEAKY,410,1
MODIFIER_HSA,HSA_DATA_FB,DBGHSA_L2HSA_S_TAGDEI,409,1
MODIFIER_HSA,HSA_DATA_FB,DBGHSA_L2HSA_S_TAGPRI,406,3
MODIFIER_HSA,HSA_DATA_FB,DBGHSA_L2HSA_S_TPIDTYPE,405,1
MODIFIER_HSA,HSA_DATA_FB,DBGHSA_L2HSA_USERPRI,402,3
MODIFIER_HSA,HSA_DATA_FB,DBGHSA_FBL34HSB,0,402
MODIFIER_HSA,HSA_DATA_FB2,DBGHSA_BGDSC,721,10
MODIFIER_HSA,HSA_DATA_FB2,DBGHSA_OQ_DSPBO,720,1
MODIFIER_HSA,HSA_DATA_FB2,DBGHSA_OQ_ENDSC,710,10
MODIFIER_HSA,HSA_DATA_FB2,DBGHSA_OQ_PKTLEN,696,14
MODIFIER_HSA,HSA_DATA_FB2,DBGHSA_OQ_SID,689,7
MODIFIER_HSA,HSA_DATA_FB2,DBGHSA_OQ_SPA,685,4
MODIFIER_HSA,HSA_DATA_FB2,DBGHSA_OQ_FLOODPKT,684,1
MODIFIER_HSA,HSA_DATA_FB2,DBGHSA_OQ_QID,651,33
MODIFIER_HSA,HSA_DATA_FB2,DBGHSA_OQ_DPM,640,11
MODIFIER_HSA,HSA_DATA_FB2,DBGHSA_OQ_FB,639,1
MODIFIER_HSA,HSA_DATA_FB2,DBGHSA_OQ_DRPPKT,638,1
MODIFIER_HSA,HSA_DATA_FB2,DBGHSA_FBRSVD,588,50
MODIFIER_HSA,HSA_DATA_FB2,DBGHSA_L2HSA_MTR_DA_DRP,587,1
MODIFIER_HSA,HSA_DATA_FB2,DBGHSA_L2HSA_SAMIB_EN,586,1
MODIFIER_HSA,HSA_DATA_FB2,DBGHSA_L2HSA_SAMIB_IDX,581,5
MODIFIER_HSA,HSA_DATA_FB2,DBGHSA_L2HSA_CPU_FORCE_PRI,580,1
MODIFIER_HSA,HSA_DATA_FB2,DBGHSA_L2HSA_C_VLANINFO,550,30
MODIFIER_HSA,HSA_DATA_FB2,DBGHSA_L2HSA_PON_C_VLANINFO,520,30
MODIFIER_HSA,HSA_DATA_FB2,DBGHSA_L2HSA_S_VLANINFO,490,30
MODIFIER_HSA,HSA_DATA_FB2,DBGHSA_L2HSA_PON_S_VLANINFO,460,30
MODIFIER_HSA,HSA_DATA_FB2,DBGHSA_L2HSA_ENDSC,450,10
MODIFIER_HSA,HSA_DATA_FB2,DBGHSA_L2HSA_DSCP_REM_EN,449,1
MODIFIER_HSA,HSA_DATA_FB2,DBGHSA_L2HSA_DSCP_REM_VAL,441,8
MODIFIER_HSA,HSA_DATA_FB2,DBGHSA_L2HSA_TRAP_HASH,440,1
MODIFIER_HSA,HSA_DATA_FB2,DBGHSA_L2HSA_C_1PREM_EN,439,1
MODIFIER_HSA,HSA_DATA_FB2,DBGHSA_L2HSA_C_1PREM_VAL,436,3
MODIFIER_HSA,HSA_DATA_FB2,DBGHSA_L2HSA_C_TAGCFI,435,1
MODIFIER_HSA,HSA_DATA_FB2,DBGHSA_L2HSA_CPUTAG_PRI,432,3
MODIFIER_HSA,HSA_DATA_FB2,DBGHSA_L2HSA_DATYPE,430,2
MODIFIER_HSA,HSA_DATA_FB2,DBGHSA_L2HSA_INTPRI,427,3
MODIFIER_HSA,HSA_DATA_FB2,DBGHSA_L2HSA_L2TYPE,425,2
MODIFIER_HSA,HSA_DATA_FB2,DBGHSA_L2HSA_L3TYPE,422,3
MODIFIER_HSA,HSA_DATA_FB2,DBGHSA_L2HSA_L4TYPE,419,3
MODIFIER_HSA,HSA_DATA_FB2,DBGHSA_L2HSA_MCTYPE,417,2
MODIFIER_HSA,HSA_DATA_FB2,DBGHSA_L2HSA_REGEN_CRC,416,1
MODIFIER_HSA,HSA_DATA_FB2,DBGHSA_L2HSA_PISO_LEAKY,415,1
MODIFIER_HSA,HSA_DATA_FB2,DBGHSA_L2HSA_S_TAGDEI,414,1
MODIFIER_HSA,HSA_DATA_FB2,DBGHSA_L2HSA_S_TAGPRI,411,3
MODIFIER_HSA,HSA_DATA_FB2,DBGHSA_L2HSA_S_TPIDTYPE,410,1
MODIFIER_HSA,HSA_DATA_FB2,DBGHSA_L2HSA_USERPRI,407,3
MODIFIER_HSA,HSA_DATA_FB2,DBGHSA_FBL34HSB,0,407
MODIFIER_HSA,HSA_DATA_NAT,DBGHSA_BGDSC,720,10
MODIFIER_HSA,HSA_DATA_NAT,DBGHSA_OQ_ENDSC,710,10
MODIFIER_HSA,HSA_DATA_NAT,DBGHSA_OQ_PKTLEN,696,14
MODIFIER_HSA,HSA_DATA_NAT,DBGHSA_OQ_SID,689,7
MODIFIER_HSA,HSA_DATA_NAT,DBGHSA_OQ_SPA,685,4
MODIFIER_HSA,HSA_DATA_NAT,DBGHSA_OQ_FLOODPKT,684,1
MODIFIER_HSA,HSA_DATA_NAT,DBGHSA_OQ_QID,651,33
MODIFIER_HSA,HSA_DATA_NAT,DBGHSA_OQ_DPM,640,11
MODIFIER_HSA,HSA_DATA_NAT,DBGHSA_OQ_FB,639,1
MODIFIER_HSA,HSA_DATA_NAT,DBGHSA_OQ_DRPPKT,638,1
MODIFIER_HSA,HSA_DATA_NAT,DBGHSA_EPRESV,435,203
MODIFIER_HSA,HSA_DATA_NAT,DBGHSA_EPCOM_SINGLEIP_CHKSUM,419,16
MODIFIER_HSA,HSA_DATA_NAT,DBGHSA_EPCOM_KEEP,418,1
MODIFIER_HSA,HSA_DATA_NAT,DBGHSA_EPCOM_CPUKEEP,417,1
MODIFIER_HSA,HSA_DATA_NAT,DBGHSA_EPCOM_FRM_FB,416,1
MODIFIER_HSA,HSA_DATA_NAT,DBGHSA_EPCOM_PPPOE_ACT,414,2
MODIFIER_HSA,HSA_DATA_NAT,DBGHSA_EPCOM_PPPOE_SID,398,16
MODIFIER_HSA,HSA_DATA_NAT,DBGHSA_EPCOM_DMAC_TRANS,397,1
MODIFIER_HSA,HSA_DATA_NAT,DBGHSA_EPCOM_DMAC,349,48
MODIFIER_HSA,HSA_DATA_NAT,DBGHSA_EPCOM_NOCPUTAG,348,1
MODIFIER_HSA,HSA_DATA_NAT,DBGHSA_EPCOM_REGEN_CRC,347,1
MODIFIER_HSA,HSA_DATA_NAT,DBGHSA_EPCOM_DUALHDR_ACT,345,2
MODIFIER_HSA,HSA_DATA_NAT,DBGHSA_EPCOM_DUALHDR_IDX,339,6
MODIFIER_HSA,HSA_DATA_NAT,DBGHSA_EPCOM_DA_HOST_EN,338,1
MODIFIER_HSA,HSA_DATA_NAT,DBGHSA_EPCOM_DA_HOST_IDX,333,5
MODIFIER_HSA,HSA_DATA_NAT,DBGHSA_EPCOM_S_TPIDTYPE,332,1
MODIFIER_HSA,HSA_DATA_NAT,DBGHSA_EPCOM_L4TYPE,329,3
MODIFIER_HSA,HSA_DATA_NAT,DBGHSA_EPCOM_L3TYPE,326,3
MODIFIER_HSA,HSA_DATA_NAT,DBGHSA_EPCOM_L2TYPE,324,2
MODIFIER_HSA,HSA_DATA_NAT,DBGHSA_EPCOM_DATYPE,322,2
MODIFIER_HSA,HSA_DATA_NAT,DBGHSA_EPCOM_MCTYPE,320,2
MODIFIER_HSA,HSA_DATA_NAT,DBGHSA_EPCOM_S_TAG_IF,319,1
MODIFIER_HSA,HSA_DATA_NAT,DBGHSA_EPCOM_S_TAGPRI,316,3
MODIFIER_HSA,HSA_DATA_NAT,DBGHSA_EPCOM_S_TAGDEI,315,1
MODIFIER_HSA,HSA_DATA_NAT,DBGHSA_EPCOM_S_TAGVID,303,12
MODIFIER_HSA,HSA_DATA_NAT,DBGHSA_EPCOM_C_TAG_IF,302,1
MODIFIER_HSA,HSA_DATA_NAT,DBGHSA_EPCOM_C_TAGPRI,299,3
MODIFIER_HSA,HSA_DATA_NAT,DBGHSA_EPCOM_C_TAGCFI,298,1
MODIFIER_HSA,HSA_DATA_NAT,DBGHSA_EPCOM_C_TAGVID,286,12
MODIFIER_HSA,HSA_DATA_NAT,DBGHSA_EPCOM_SP2C_SRCVID,274,12
MODIFIER_HSA,HSA_DATA_NAT,DBGHSA_EPCOM_INTPRI,271,3
MODIFIER_HSA,HSA_DATA_NAT,DBGHSA_EPCOM_DPC,267,4
MODIFIER_HSA,HSA_DATA_NAT,DBGHSA_EPCOM_DMABC,253,14
MODIFIER_HSA,HSA_DATA_NAT,DBGHSA_EPCOM_PONSID,246,7
MODIFIER_HSA,HSA_DATA_NAT,DBGHSA_EPCOM_CPUTAG_PRI,237,9
MODIFIER_HSA,HSA_DATA_NAT,DBGHSA_EPCOM_CPUTAG_L3R,236,1
MODIFIER_HSA,HSA_DATA_NAT,DBGHSA_EPCOM_CPUTAG_ORG,235,1
MODIFIER_HSA,HSA_DATA_NAT,DBGHSA_EPCOM_EXTSPA,232,3
MODIFIER_HSA,HSA_DATA_NAT,DBGHSA_EPCOM_SPA,228,4
MODIFIER_HSA,HSA_DATA_NAT,DBGHSA_EPCOM_FWDRSN,220,8
MODIFIER_HSA,HSA_DATA_NAT,DBGHSA_EPCOM_EXTMASK_HASH_IDX,199,21
MODIFIER_HSA,HSA_DATA_NAT,DBGHSA_EPCOM_DPM_TYPE,177,22
MODIFIER_HSA,HSA_DATA_NAT,DBGHSA_EPCOM_EPTYPE,175,2
MODIFIER_HSA,HSA_DATA_NAT,DBGHSA_GRP0_O_INF_MIB_EN,174,1
MODIFIER_HSA,HSA_DATA_NAT,DBGHSA_GRP0_O_INF,170,4
MODIFIER_HSA,HSA_DATA_NAT,DBGHSA_GRP0_SMAC_TRANS,169,1
MODIFIER_HSA,HSA_DATA_NAT,DBGHSA_GRP0_DSCP_REM_EN,168,1
MODIFIER_HSA,HSA_DATA_NAT,DBGHSA_GRP0_DSCP_REM_VAL,160,8
MODIFIER_HSA,HSA_DATA_NAT,DBGHSA_GRP0_C_REM_EN,159,1
MODIFIER_HSA,HSA_DATA_NAT,DBGHSA_GRP0_S_TPIDTYPE,158,1
MODIFIER_HSA,HSA_DATA_NAT,DBGHSA_GRP0_CVLAN_INFO,128,30
MODIFIER_HSA,HSA_DATA_NAT,DBGHSA_GRP0_SVLAN_INFO,98,30
MODIFIER_HSA,HSA_DATA_NAT,DBGHSA_NAT_SRCMOD,97,1
MODIFIER_HSA,HSA_DATA_NAT,DBGHSA_NAT_RSVD,81,16
MODIFIER_HSA,HSA_DATA_NAT,DBGHSA_NAT_L3TRANS,80,1
MODIFIER_HSA,HSA_DATA_NAT,DBGHSA_NAT_L4CHKSUM,64,16
MODIFIER_HSA,HSA_DATA_NAT,DBGHSA_NAT_L3CHKSUM,48,16
MODIFIER_HSA,HSA_DATA_NAT,DBGHSA_NAT_NEWPORT,32,16
MODIFIER_HSA,HSA_DATA_NAT,DBGHSA_NAT_NEWIP,0,32
MODIFIER_HSA,HSA_DATA_NAT2,DBGHSA_BGDSC,721,10
MODIFIER_HSA,HSA_DATA_NAT2,DBGHSA_OQ_DSPBO,720,1
MODIFIER_HSA,HSA_DATA_NAT2,DBGHSA_OQ_ENDSC,710,10
MODIFIER_HSA,HSA_DATA_NAT2,DBGHSA_OQ_PKTLEN,696,14
MODIFIER_HSA,HSA_DATA_NAT2,DBGHSA_OQ_SID,689,7
MODIFIER_HSA,HSA_DATA_NAT2,DBGHSA_OQ_SPA,685,4
MODIFIER_HSA,HSA_DATA_NAT2,DBGHSA_OQ_FLOODPKT,684,1
MODIFIER_HSA,HSA_DATA_NAT2,DBGHSA_OQ_QID,651,33
MODIFIER_HSA,HSA_DATA_NAT2,DBGHSA_OQ_DPM,640,11
MODIFIER_HSA,HSA_DATA_NAT2,DBGHSA_OQ_FB,639,1
MODIFIER_HSA,HSA_DATA_NAT2,DBGHSA_OQ_DRPPKT,638,1
MODIFIER_HSA,HSA_DATA_NAT2,DBGHSA_EPRESV,460,178
MODIFIER_HSA,HSA_DATA_NAT2,DBGHSA_EPCOM_PBODPM,455,5
MODIFIER_HSA,HSA_DATA_NAT2,DBGHSA_EPCOM_PBOQID,440,15
MODIFIER_HSA,HSA_DATA_NAT2,DBGHSA_EPCOM_FLOW_MIB_EN,439,1
MODIFIER_HSA,HSA_DATA_NAT2,DBGHSA_EPCOM_FLOW_MIB_IDX,434,5
MODIFIER_HSA,HSA_DATA_NAT2,DBGHSA_EPCOM_SINGLEIP_CHKSUM,418,16
MODIFIER_HSA,HSA_DATA_NAT2,DBGHSA_EPCOM_KEEP,417,1
MODIFIER_HSA,HSA_DATA_NAT2,DBGHSA_EPCOM_CPUKEEP,416,1
MODIFIER_HSA,HSA_DATA_NAT2,DBGHSA_EPCOM_FRM_FB,415,1
MODIFIER_HSA,HSA_DATA_NAT2,DBGHSA_EPCOM_PPPOE_ACT,413,2
MODIFIER_HSA,HSA_DATA_NAT2,DBGHSA_EPCOM_PPPOE_SID,397,16
MODIFIER_HSA,HSA_DATA_NAT2,DBGHSA_EPCOM_DMAC_TRANS,396,1
MODIFIER_HSA,HSA_DATA_NAT2,DBGHSA_EPCOM_DMAC,348,48
MODIFIER_HSA,HSA_DATA_NAT2,DBGHSA_EPCOM_NOCPUTAG,347,1
MODIFIER_HSA,HSA_DATA_NAT2,DBGHSA_EPCOM_REGEN_CRC,346,1
MODIFIER_HSA,HSA_DATA_NAT2,DBGHSA_EPCOM_DUALHDR_ACT,344,2
MODIFIER_HSA,HSA_DATA_NAT2,DBGHSA_EPCOM_DUALHDR_IDX,338,6
MODIFIER_HSA,HSA_DATA_NAT2,DBGHSA_EPCOM_DA_HOST_EN,337,1
MODIFIER_HSA,HSA_DATA_NAT2,DBGHSA_EPCOM_DA_HOST_IDX,332,5
MODIFIER_HSA,HSA_DATA_NAT2,DBGHSA_EPCOM_S_TPIDTYPE,331,1
MODIFIER_HSA,HSA_DATA_NAT2,DBGHSA_EPCOM_L4TYPE,328,3
MODIFIER_HSA,HSA_DATA_NAT2,DBGHSA_EPCOM_L3TYPE,325,3
MODIFIER_HSA,HSA_DATA_NAT2,DBGHSA_EPCOM_L2TYPE,323,2
MODIFIER_HSA,HSA_DATA_NAT2,DBGHSA_EPCOM_DATYPE,321,2
MODIFIER_HSA,HSA_DATA_NAT2,DBGHSA_EPCOM_MCTYPE,319,2
MODIFIER_HSA,HSA_DATA_NAT2,DBGHSA_EPCOM_S_TAG_IF,318,1
MODIFIER_HSA,HSA_DATA_NAT2,DBGHSA_EPCOM_S_TAGPRI,315,3
MODIFIER_HSA,HSA_DATA_NAT2,DBGHSA_EPCOM_S_TAGDEI,314,1
MODIFIER_HSA,HSA_DATA_NAT2,DBGHSA_EPCOM_S_TAGVID,302,12
MODIFIER_HSA,HSA_DATA_NAT2,DBGHSA_EPCOM_C_TAG_IF,301,1
MODIFIER_HSA,HSA_DATA_NAT2,DBGHSA_EPCOM_C_TAGPRI,298,3
MODIFIER_HSA,HSA_DATA_NAT2,DBGHSA_EPCOM_C_TAGCFI,297,1
MODIFIER_HSA,HSA_DATA_NAT2,DBGHSA_EPCOM_C_TAGVID,285,12
MODIFIER_HSA,HSA_DATA_NAT2,DBGHSA_EPCOM_SP2C_SRCVID,273,12
MODIFIER_HSA,HSA_DATA_NAT2,DBGHSA_EPCOM_INTPRI,270,3
MODIFIER_HSA,HSA_DATA_NAT2,DBGHSA_EPCOM_DPC,266,4
MODIFIER_HSA,HSA_DATA_NAT2,DBGHSA_EPCOM_DMABC,252,14
MODIFIER_HSA,HSA_DATA_NAT2,DBGHSA_EPCOM_PONSID,245,7
MODIFIER_HSA,HSA_DATA_NAT2,DBGHSA_EPCOM_CPUTAG_PRI,236,9
MODIFIER_HSA,HSA_DATA_NAT2,DBGHSA_EPCOM_CPUTAG_ORG,235,1
MODIFIER_HSA,HSA_DATA_NAT2,DBGHSA_EPCOM_EXTSPA,232,3
MODIFIER_HSA,HSA_DATA_NAT2,DBGHSA_EPCOM_SPA,228,4
MODIFIER_HSA,HSA_DATA_NAT2,DBGHSA_EPCOM_FWDRSN,220,8
MODIFIER_HSA,HSA_DATA_NAT2,DBGHSA_EPCOM_EXTMASK_HASH_IDX,199,21
MODIFIER_HSA,HSA_DATA_NAT2,DBGHSA_EPCOM_DPM_TYPE,177,22
MODIFIER_HSA,HSA_DATA_NAT2,DBGHSA_EPCOM_EPTYPE,175,2
MODIFIER_HSA,HSA_DATA_NAT2,DBGHSA_GRP0_O_INF_MIB_EN,174,1
MODIFIER_HSA,HSA_DATA_NAT2,DBGHSA_GRP0_O_INF,170,4
MODIFIER_HSA,HSA_DATA_NAT2,DBGHSA_GRP0_SMAC_TRANS,169,1
MODIFIER_HSA,HSA_DATA_NAT2,DBGHSA_GRP0_DSCP_REM_EN,168,1
MODIFIER_HSA,HSA_DATA_NAT2,DBGHSA_GRP0_DSCP_REM_VAL,160,8
MODIFIER_HSA,HSA_DATA_NAT2,DBGHSA_GRP0_C_REM_EN,159,1
MODIFIER_HSA,HSA_DATA_NAT2,DBGHSA_GRP0_S_TPIDTYPE,158,1
MODIFIER_HSA,HSA_DATA_NAT2,DBGHSA_GRP0_CVLAN_INFO,128,30
MODIFIER_HSA,HSA_DATA_NAT2,DBGHSA_GRP0_SVLAN_INFO,98,30
MODIFIER_HSA,HSA_DATA_NAT2,DBGHSA_NAT_SRCMOD,97,1
MODIFIER_HSA,HSA_DATA_NAT2,DBGHSA_NAT_RSVD,81,16
MODIFIER_HSA,HSA_DATA_NAT2,DBGHSA_NAT_L3TRANS,80,1
MODIFIER_HSA,HSA_DATA_NAT2,DBGHSA_NAT_L4CHKSUM,64,16
MODIFIER_HSA,HSA_DATA_NAT2,DBGHSA_NAT_L3CHKSUM,48,16
MODIFIER_HSA,HSA_DATA_NAT2,DBGHSA_NAT_NEWPORT,32,16
MODIFIER_HSA,HSA_DATA_NAT2,DBGHSA_NAT_NEWIP,0,32
MODIFIER_HSA,HSA_DATA_NORMAL,DBGHSA_BGDSC,720,10
MODIFIER_HSA,HSA_DATA_NORMAL,DBGHSA_OQ_ENDSC,710,10
MODIFIER_HSA,HSA_DATA_NORMAL,DBGHSA_OQ_PKTLEN,696,14
MODIFIER_HSA,HSA_DATA_NORMAL,DBGHSA_OQ_SID,689,7
MODIFIER_HSA,HSA_DATA_NORMAL,DBGHSA_OQ_SPA,685,4
MODIFIER_HSA,HSA_DATA_NORMAL,DBGHSA_OQ_FLOODPKT,684,1
MODIFIER_HSA,HSA_DATA_NORMAL,DBGHSA_OQ_QID,651,33
MODIFIER_HSA,HSA_DATA_NORMAL,DBGHSA_OQ_DPM,640,11
MODIFIER_HSA,HSA_DATA_NORMAL,DBGHSA_OQ_FB,639,1
MODIFIER_HSA,HSA_DATA_NORMAL,DBGHSA_OQ_DRPPKT,638,1
MODIFIER_HSA,HSA_DATA_NORMAL,DBGHSA_EPRESV,435,203
MODIFIER_HSA,HSA_DATA_NORMAL,DBGHSA_EPCOM_SINGLEIP_CHKSUM,419,16
MODIFIER_HSA,HSA_DATA_NORMAL,DBGHSA_EPCOM_KEEP,418,1
MODIFIER_HSA,HSA_DATA_NORMAL,DBGHSA_EPCOM_CPUKEEP,417,1
MODIFIER_HSA,HSA_DATA_NORMAL,DBGHSA_EPCOM_FRM_FB,416,1
MODIFIER_HSA,HSA_DATA_NORMAL,DBGHSA_EPCOM_PPPOE_ACT,414,2
MODIFIER_HSA,HSA_DATA_NORMAL,DBGHSA_EPCOM_PPPOE_SID,398,16
MODIFIER_HSA,HSA_DATA_NORMAL,DBGHSA_EPCOM_DMAC_TRANS,397,1
MODIFIER_HSA,HSA_DATA_NORMAL,DBGHSA_EPCOM_DMAC,349,48
MODIFIER_HSA,HSA_DATA_NORMAL,DBGHSA_EPCOM_NOCPUTAG,348,1
MODIFIER_HSA,HSA_DATA_NORMAL,DBGHSA_EPCOM_REGEN_CRC,347,1
MODIFIER_HSA,HSA_DATA_NORMAL,DBGHSA_EPCOM_DUALHDR_ACT,345,2
MODIFIER_HSA,HSA_DATA_NORMAL,DBGHSA_EPCOM_DUALHDR_IDX,339,6
MODIFIER_HSA,HSA_DATA_NORMAL,DBGHSA_EPCOM_DA_HOST_EN,338,1
MODIFIER_HSA,HSA_DATA_NORMAL,DBGHSA_EPCOM_DA_HOST_IDX,333,5
MODIFIER_HSA,HSA_DATA_NORMAL,DBGHSA_EPCOM_S_TPIDTYPE,332,1
MODIFIER_HSA,HSA_DATA_NORMAL,DBGHSA_EPCOM_L4TYPE,329,3
MODIFIER_HSA,HSA_DATA_NORMAL,DBGHSA_EPCOM_L3TYPE,326,3
MODIFIER_HSA,HSA_DATA_NORMAL,DBGHSA_EPCOM_L2TYPE,324,2
MODIFIER_HSA,HSA_DATA_NORMAL,DBGHSA_EPCOM_DATYPE,322,2
MODIFIER_HSA,HSA_DATA_NORMAL,DBGHSA_EPCOM_MCTYPE,320,2
MODIFIER_HSA,HSA_DATA_NORMAL,DBGHSA_EPCOM_S_TAG_IF,319,1
MODIFIER_HSA,HSA_DATA_NORMAL,DBGHSA_EPCOM_S_TAGPRI,316,3
MODIFIER_HSA,HSA_DATA_NORMAL,DBGHSA_EPCOM_S_TAGDEI,315,1
MODIFIER_HSA,HSA_DATA_NORMAL,DBGHSA_EPCOM_S_TAGVID,303,12
MODIFIER_HSA,HSA_DATA_NORMAL,DBGHSA_EPCOM_C_TAG_IF,302,1
MODIFIER_HSA,HSA_DATA_NORMAL,DBGHSA_EPCOM_C_TAGPRI,299,3
MODIFIER_HSA,HSA_DATA_NORMAL,DBGHSA_EPCOM_C_TAGCFI,298,1
MODIFIER_HSA,HSA_DATA_NORMAL,DBGHSA_EPCOM_C_TAGVID,286,12
MODIFIER_HSA,HSA_DATA_NORMAL,DBGHSA_EPCOM_SP2C_SRCVID,274,12
MODIFIER_HSA,HSA_DATA_NORMAL,DBGHSA_EPCOM_INTPRI,271,3
MODIFIER_HSA,HSA_DATA_NORMAL,DBGHSA_EPCOM_DPC,267,4
MODIFIER_HSA,HSA_DATA_NORMAL,DBGHSA_EPCOM_DMABC,253,14
MODIFIER_HSA,HSA_DATA_NORMAL,DBGHSA_EPCOM_PONSID,246,7
MODIFIER_HSA,HSA_DATA_NORMAL,DBGHSA_EPCOM_CPUTAG_PRI,237,9
MODIFIER_HSA,HSA_DATA_NORMAL,DBGHSA_EPCOM_CPUTAG_L3R,236,1
MODIFIER_HSA,HSA_DATA_NORMAL,DBGHSA_EPCOM_CPUTAG_ORG,235,1
MODIFIER_HSA,HSA_DATA_NORMAL,DBGHSA_EPCOM_EXTSPA,232,3
MODIFIER_HSA,HSA_DATA_NORMAL,DBGHSA_EPCOM_SPA,228,4
MODIFIER_HSA,HSA_DATA_NORMAL,DBGHSA_EPCOM_FWDRSN,220,8
MODIFIER_HSA,HSA_DATA_NORMAL,DBGHSA_EPCOM_EXTMASK_HASH_IDX,199,21
MODIFIER_HSA,HSA_DATA_NORMAL,DBGHSA_EPCOM_DPM_TYPE,177,22
MODIFIER_HSA,HSA_DATA_NORMAL,DBGHSA_EPCOM_EPTYPE,175,2
MODIFIER_HSA,HSA_DATA_NORMAL,DBGHSA_GRP0_O_INF_MIB_EN,174,1
MODIFIER_HSA,HSA_DATA_NORMAL,DBGHSA_GRP0_O_INF,170,4
MODIFIER_HSA,HSA_DATA_NORMAL,DBGHSA_GRP0_SMAC_TRANS,169,1
MODIFIER_HSA,HSA_DATA_NORMAL,DBGHSA_GRP0_DSCP_REM_EN,168,1
MODIFIER_HSA,HSA_DATA_NORMAL,DBGHSA_GRP0_DSCP_REM_VAL,160,8
MODIFIER_HSA,HSA_DATA_NORMAL,DBGHSA_GRP0_C_REM_EN,159,1
MODIFIER_HSA,HSA_DATA_NORMAL,DBGHSA_GRP0_S_TPIDTYPE,158,1
MODIFIER_HSA,HSA_DATA_NORMAL,DBGHSA_GRP0_CVLAN_INFO,128,30
MODIFIER_HSA,HSA_DATA_NORMAL,DBGHSA_GRP0_SVLAN_INFO,98,30
MODIFIER_HSA,HSA_DATA_NORMAL,DBGHSA_EPNOR_RSVD,77,21
MODIFIER_HSA,HSA_DATA_NORMAL,DBGHSA_GRP1_O_INF_MIB_EN,76,1
MODIFIER_HSA,HSA_DATA_NORMAL,DBGHSA_GRP1_O_INF,72,4
MODIFIER_HSA,HSA_DATA_NORMAL,DBGHSA_GRP1_SMAC_TRANS,71,1
MODIFIER_HSA,HSA_DATA_NORMAL,DBGHSA_GRP1_DSCP_REM_EN,70,1
MODIFIER_HSA,HSA_DATA_NORMAL,DBGHSA_GRP1_DSCP_REM_VAL,62,8
MODIFIER_HSA,HSA_DATA_NORMAL,DBGHSA_GRP1_C_REM_EN,61,1
MODIFIER_HSA,HSA_DATA_NORMAL,DBGHSA_GRP1_S_TPIDTYPE,60,1
MODIFIER_HSA,HSA_DATA_NORMAL,DBGHSA_GRP1_CVLAN_INFO,30,30
MODIFIER_HSA,HSA_DATA_NORMAL,DBGHSA_GRP1_SVLAN_INFO,0,30
MODIFIER_HSA,HSA_DATA_NORMAL2,DBGHSA_BGDSC,721,10
MODIFIER_HSA,HSA_DATA_NORMAL2,DBGHSA_OQ_DSPBO,720,1
MODIFIER_HSA,HSA_DATA_NORMAL2,DBGHSA_OQ_ENDSC,710,10
MODIFIER_HSA,HSA_DATA_NORMAL2,DBGHSA_OQ_PKTLEN,696,14
MODIFIER_HSA,HSA_DATA_NORMAL2,DBGHSA_OQ_SID,689,7
MODIFIER_HSA,HSA_DATA_NORMAL2,DBGHSA_OQ_SPA,685,4
MODIFIER_HSA,HSA_DATA_NORMAL2,DBGHSA_OQ_FLOODPKT,684,1
MODIFIER_HSA,HSA_DATA_NORMAL2,DBGHSA_OQ_QID,651,33
MODIFIER_HSA,HSA_DATA_NORMAL2,DBGHSA_OQ_DPM,640,11
MODIFIER_HSA,HSA_DATA_NORMAL2,DBGHSA_OQ_FB,639,1
MODIFIER_HSA,HSA_DATA_NORMAL2,DBGHSA_OQ_DRPPKT,638,1
MODIFIER_HSA,HSA_DATA_NORMAL2,DBGHSA_EPRESV,460,178
MODIFIER_HSA,HSA_DATA_NORMAL2,DBGHSA_EPCOM_PBODPM,455,5
MODIFIER_HSA,HSA_DATA_NORMAL2,DBGHSA_EPCOM_PBOQID,440,15
MODIFIER_HSA,HSA_DATA_NORMAL2,DBGHSA_EPCOM_FLOW_MIB_EN,439,1
MODIFIER_HSA,HSA_DATA_NORMAL2,DBGHSA_EPCOM_FLOW_MIB_IDX,434,5
MODIFIER_HSA,HSA_DATA_NORMAL2,DBGHSA_EPCOM_SINGLEIP_CHKSUM,418,16
MODIFIER_HSA,HSA_DATA_NORMAL2,DBGHSA_EPCOM_KEEP,417,1
MODIFIER_HSA,HSA_DATA_NORMAL2,DBGHSA_EPCOM_CPUKEEP,416,1
MODIFIER_HSA,HSA_DATA_NORMAL2,DBGHSA_EPCOM_FRM_FB,415,1
MODIFIER_HSA,HSA_DATA_NORMAL2,DBGHSA_EPCOM_PPPOE_ACT,413,2
MODIFIER_HSA,HSA_DATA_NORMAL2,DBGHSA_EPCOM_PPPOE_SID,397,16
MODIFIER_HSA,HSA_DATA_NORMAL2,DBGHSA_EPCOM_DMAC_TRANS,396,1
MODIFIER_HSA,HSA_DATA_NORMAL2,DBGHSA_EPCOM_DMAC,348,48
MODIFIER_HSA,HSA_DATA_NORMAL2,DBGHSA_EPCOM_NOCPUTAG,347,1
MODIFIER_HSA,HSA_DATA_NORMAL2,DBGHSA_EPCOM_REGEN_CRC,346,1
MODIFIER_HSA,HSA_DATA_NORMAL2,DBGHSA_EPCOM_DUALHDR_ACT,344,2
MODIFIER_HSA,HSA_DATA_NORMAL2,DBGHSA_EPCOM_DUALHDR_IDX,338,6
MODIFIER_HSA,HSA_DATA_NORMAL2,DBGHSA_EPCOM_DA_HOST_EN,337,1
MODIFIER_HSA,HSA_DATA_NORMAL2,DBGHSA_EPCOM_DA_HOST_IDX,332,5
MODIFIER_HSA,HSA_DATA_NORMAL2,DBGHSA_EPCOM_S_TPIDTYPE,331,1
MODIFIER_HSA,HSA_DATA_NORMAL2,DBGHSA_EPCOM_L4TYPE,328,3
MODIFIER_HSA,HSA_DATA_NORMAL2,DBGHSA_EPCOM_L3TYPE,325,3
MODIFIER_HSA,HSA_DATA_NORMAL2,DBGHSA_EPCOM_L2TYPE,323,2
MODIFIER_HSA,HSA_DATA_NORMAL2,DBGHSA_EPCOM_DATYPE,321,2
MODIFIER_HSA,HSA_DATA_NORMAL2,DBGHSA_EPCOM_MCTYPE,319,2
MODIFIER_HSA,HSA_DATA_NORMAL2,DBGHSA_EPCOM_S_TAG_IF,318,1
MODIFIER_HSA,HSA_DATA_NORMAL2,DBGHSA_EPCOM_S_TAGPRI,315,3
MODIFIER_HSA,HSA_DATA_NORMAL2,DBGHSA_EPCOM_S_TAGDEI,314,1
MODIFIER_HSA,HSA_DATA_NORMAL2,DBGHSA_EPCOM_S_TAGVID,302,12
MODIFIER_HSA,HSA_DATA_NORMAL2,DBGHSA_EPCOM_C_TAG_IF,301,1
MODIFIER_HSA,HSA_DATA_NORMAL2,DBGHSA_EPCOM_C_TAGPRI,298,3
MODIFIER_HSA,HSA_DATA_NORMAL2,DBGHSA_EPCOM_C_TAGCFI,297,1
MODIFIER_HSA,HSA_DATA_NORMAL2,DBGHSA_EPCOM_C_TAGVID,285,12
MODIFIER_HSA,HSA_DATA_NORMAL2,DBGHSA_EPCOM_SP2C_SRCVID,273,12
MODIFIER_HSA,HSA_DATA_NORMAL2,DBGHSA_EPCOM_INTPRI,270,3
MODIFIER_HSA,HSA_DATA_NORMAL2,DBGHSA_EPCOM_DPC,266,4
MODIFIER_HSA,HSA_DATA_NORMAL2,DBGHSA_EPCOM_DMABC,252,14
MODIFIER_HSA,HSA_DATA_NORMAL2,DBGHSA_EPCOM_PONSID,245,7
MODIFIER_HSA,HSA_DATA_NORMAL2,DBGHSA_EPCOM_CPUTAG_PRI,236,9
MODIFIER_HSA,HSA_DATA_NORMAL2,DBGHSA_EPCOM_CPUTAG_ORG,235,1
MODIFIER_HSA,HSA_DATA_NORMAL2,DBGHSA_EPCOM_EXTSPA,232,3
MODIFIER_HSA,HSA_DATA_NORMAL2,DBGHSA_EPCOM_SPA,228,4
MODIFIER_HSA,HSA_DATA_NORMAL2,DBGHSA_EPCOM_FWDRSN,220,8
MODIFIER_HSA,HSA_DATA_NORMAL2,DBGHSA_EPCOM_EXTMASK_HASH_IDX,199,21
MODIFIER_HSA,HSA_DATA_NORMAL2,DBGHSA_EPCOM_DPM_TYPE,177,22
MODIFIER_HSA,HSA_DATA_NORMAL2,DBGHSA_EPCOM_EPTYPE,175,2
MODIFIER_HSA,HSA_DATA_NORMAL2,DBGHSA_GRP0_O_INF_MIB_EN,174,1
MODIFIER_HSA,HSA_DATA_NORMAL2,DBGHSA_GRP0_O_INF,170,4
MODIFIER_HSA,HSA_DATA_NORMAL2,DBGHSA_GRP0_SMAC_TRANS,169,1
MODIFIER_HSA,HSA_DATA_NORMAL2,DBGHSA_GRP0_DSCP_REM_EN,168,1
MODIFIER_HSA,HSA_DATA_NORMAL2,DBGHSA_GRP0_DSCP_REM_VAL,160,8
MODIFIER_HSA,HSA_DATA_NORMAL2,DBGHSA_GRP0_C_REM_EN,159,1
MODIFIER_HSA,HSA_DATA_NORMAL2,DBGHSA_GRP0_S_TPIDTYPE,158,1
MODIFIER_HSA,HSA_DATA_NORMAL2,DBGHSA_GRP0_CVLAN_INFO,128,30
MODIFIER_HSA,HSA_DATA_NORMAL2,DBGHSA_GRP0_SVLAN_INFO,98,30
MODIFIER_HSA,HSA_DATA_NORMAL2,DBGHSA_EPNOR_RSVD,77,21
MODIFIER_HSA,HSA_DATA_NORMAL2,DBGHSA_GRP1_O_INF_MIB_EN,76,1
MODIFIER_HSA,HSA_DATA_NORMAL2,DBGHSA_GRP1_O_INF,72,4
MODIFIER_HSA,HSA_DATA_NORMAL2,DBGHSA_GRP1_SMAC_TRANS,71,1
MODIFIER_HSA,HSA_DATA_NORMAL2,DBGHSA_GRP1_DSCP_REM_EN,70,1
MODIFIER_HSA,HSA_DATA_NORMAL2,DBGHSA_GRP1_DSCP_REM_VAL,62,8
MODIFIER_HSA,HSA_DATA_NORMAL2,DBGHSA_GRP1_C_REM_EN,61,1
MODIFIER_HSA,HSA_DATA_NORMAL2,DBGHSA_GRP1_S_TPIDTYPE,60,1
MODIFIER_HSA,HSA_DATA_NORMAL2,DBGHSA_GRP1_CVLAN_INFO,30,30
MODIFIER_HSA,HSA_DATA_NORMAL2,DBGHSA_GRP1_SVLAN_INFO,0,30
MODIFIER_HSA,HSA_DATA_OMCI,DBGHSA_BGDSC,720,10
MODIFIER_HSA,HSA_DATA_OMCI,DBGHSA_OQ_ENDSC,710,10
MODIFIER_HSA,HSA_DATA_OMCI,DBGHSA_OQ_PKTLEN,696,14
MODIFIER_HSA,HSA_DATA_OMCI,DBGHSA_OQ_SID,689,7
MODIFIER_HSA,HSA_DATA_OMCI,DBGHSA_OQ_SPA,685,4
MODIFIER_HSA,HSA_DATA_OMCI,DBGHSA_OQ_FLOODPKT,684,1
MODIFIER_HSA,HSA_DATA_OMCI,DBGHSA_OQ_QID,651,33
MODIFIER_HSA,HSA_DATA_OMCI,DBGHSA_OQ_DPM,640,11
MODIFIER_HSA,HSA_DATA_OMCI,DBGHSA_OQ_FB,639,1
MODIFIER_HSA,HSA_DATA_OMCI,DBGHSA_OQ_DRPPKT,638,1
MODIFIER_HSA,HSA_DATA_OMCI,DBGHSA_EPRESV,435,203
MODIFIER_HSA,HSA_DATA_OMCI,DBGHSA_EPCOM_SINGLEIP_CHKSUM,419,16
MODIFIER_HSA,HSA_DATA_OMCI,DBGHSA_EPCOM_KEEP,418,1
MODIFIER_HSA,HSA_DATA_OMCI,DBGHSA_EPCOM_CPUKEEP,417,1
MODIFIER_HSA,HSA_DATA_OMCI,DBGHSA_EPCOM_FRM_FB,416,1
MODIFIER_HSA,HSA_DATA_OMCI,DBGHSA_EPCOM_PPPOE_ACT,414,2
MODIFIER_HSA,HSA_DATA_OMCI,DBGHSA_EPCOM_PPPOE_SID,398,16
MODIFIER_HSA,HSA_DATA_OMCI,DBGHSA_EPCOM_DMAC_TRANS,397,1
MODIFIER_HSA,HSA_DATA_OMCI,DBGHSA_EPCOM_DMAC,349,48
MODIFIER_HSA,HSA_DATA_OMCI,DBGHSA_EPCOM_NOCPUTAG,348,1
MODIFIER_HSA,HSA_DATA_OMCI,DBGHSA_EPCOM_REGEN_CRC,347,1
MODIFIER_HSA,HSA_DATA_OMCI,DBGHSA_EPCOM_DUALHDR_ACT,345,2
MODIFIER_HSA,HSA_DATA_OMCI,DBGHSA_EPCOM_DUALHDR_IDX,339,6
MODIFIER_HSA,HSA_DATA_OMCI,DBGHSA_EPCOM_DA_HOST_EN,338,1
MODIFIER_HSA,HSA_DATA_OMCI,DBGHSA_EPCOM_DA_HOST_IDX,333,5
MODIFIER_HSA,HSA_DATA_OMCI,DBGHSA_EPCOM_S_TPIDTYPE,332,1
MODIFIER_HSA,HSA_DATA_OMCI,DBGHSA_EPCOM_L4TYPE,329,3
MODIFIER_HSA,HSA_DATA_OMCI,DBGHSA_EPCOM_L3TYPE,326,3
MODIFIER_HSA,HSA_DATA_OMCI,DBGHSA_EPCOM_L2TYPE,324,2
MODIFIER_HSA,HSA_DATA_OMCI,DBGHSA_EPCOM_DATYPE,322,2
MODIFIER_HSA,HSA_DATA_OMCI,DBGHSA_EPCOM_MCTYPE,320,2
MODIFIER_HSA,HSA_DATA_OMCI,DBGHSA_EPCOM_S_TAG_IF,319,1
MODIFIER_HSA,HSA_DATA_OMCI,DBGHSA_EPCOM_S_TAGPRI,316,3
MODIFIER_HSA,HSA_DATA_OMCI,DBGHSA_EPCOM_S_TAGDEI,315,1
MODIFIER_HSA,HSA_DATA_OMCI,DBGHSA_EPCOM_S_TAGVID,303,12
MODIFIER_HSA,HSA_DATA_OMCI,DBGHSA_EPCOM_C_TAG_IF,302,1
MODIFIER_HSA,HSA_DATA_OMCI,DBGHSA_EPCOM_C_TAGPRI,299,3
MODIFIER_HSA,HSA_DATA_OMCI,DBGHSA_EPCOM_C_TAGCFI,298,1
MODIFIER_HSA,HSA_DATA_OMCI,DBGHSA_EPCOM_C_TAGVID,286,12
MODIFIER_HSA,HSA_DATA_OMCI,DBGHSA_EPCOM_SP2C_SRCVID,274,12
MODIFIER_HSA,HSA_DATA_OMCI,DBGHSA_EPCOM_INTPRI,271,3
MODIFIER_HSA,HSA_DATA_OMCI,DBGHSA_EPCOM_DPC,267,4
MODIFIER_HSA,HSA_DATA_OMCI,DBGHSA_EPCOM_DMABC,253,14
MODIFIER_HSA,HSA_DATA_OMCI,DBGHSA_EPCOM_PONSID,246,7
MODIFIER_HSA,HSA_DATA_OMCI,DBGHSA_EPCOM_CPUTAG_PRI,237,9
MODIFIER_HSA,HSA_DATA_OMCI,DBGHSA_EPCOM_CPUTAG_L3R,236,1
MODIFIER_HSA,HSA_DATA_OMCI,DBGHSA_EPCOM_CPUTAG_ORG,235,1
MODIFIER_HSA,HSA_DATA_OMCI,DBGHSA_EPCOM_EXTSPA,232,3
MODIFIER_HSA,HSA_DATA_OMCI,DBGHSA_EPCOM_SPA,228,4
MODIFIER_HSA,HSA_DATA_OMCI,DBGHSA_EPCOM_FWDRSN,220,8
MODIFIER_HSA,HSA_DATA_OMCI,DBGHSA_EPCOM_EXTMASK_HASH_IDX,199,21
MODIFIER_HSA,HSA_DATA_OMCI,DBGHSA_EPCOM_DPM_TYPE,177,22
MODIFIER_HSA,HSA_DATA_OMCI,DBGHSA_EPCOM_EPTYPE,175,2
MODIFIER_HSA,HSA_DATA_OMCI,DBGHSA_GRP0_O_INF_MIB_EN,174,1
MODIFIER_HSA,HSA_DATA_OMCI,DBGHSA_GRP0_O_INF,170,4
MODIFIER_HSA,HSA_DATA_OMCI,DBGHSA_GRP0_SMAC_TRANS,169,1
MODIFIER_HSA,HSA_DATA_OMCI,DBGHSA_GRP0_DSCP_REM_EN,168,1
MODIFIER_HSA,HSA_DATA_OMCI,DBGHSA_GRP0_DSCP_REM_VAL,160,8
MODIFIER_HSA,HSA_DATA_OMCI,DBGHSA_GRP0_C_REM_EN,159,1
MODIFIER_HSA,HSA_DATA_OMCI,DBGHSA_GRP0_S_TPIDTYPE,158,1
MODIFIER_HSA,HSA_DATA_OMCI,DBGHSA_GRP0_CVLAN_INFO,128,30
MODIFIER_HSA,HSA_DATA_OMCI,DBGHSA_GRP0_SVLAN_INFO,98,30
MODIFIER_HSA,HSA_DATA_OMCI,DBGHSA_OMCI_RSVD,24,74
MODIFIER_HSA,HSA_DATA_OMCI,DBGHSA_OMCI_DEV_ID,16,8
MODIFIER_HSA,HSA_DATA_OMCI,DBGHSA_OMCI_CONT_LEN,0,16
MODIFIER_HSA,HSA_DATA_OMCI2,DBGHSA_BGDSC,721,10
MODIFIER_HSA,HSA_DATA_OMCI2,DBGHSA_OQ_DSPBO,720,1
MODIFIER_HSA,HSA_DATA_OMCI2,DBGHSA_OQ_ENDSC,710,10
MODIFIER_HSA,HSA_DATA_OMCI2,DBGHSA_OQ_PKTLEN,696,14
MODIFIER_HSA,HSA_DATA_OMCI2,DBGHSA_OQ_SID,689,7
MODIFIER_HSA,HSA_DATA_OMCI2,DBGHSA_OQ_SPA,685,4
MODIFIER_HSA,HSA_DATA_OMCI2,DBGHSA_OQ_FLOODPKT,684,1
MODIFIER_HSA,HSA_DATA_OMCI2,DBGHSA_OQ_QID,651,33
MODIFIER_HSA,HSA_DATA_OMCI2,DBGHSA_OQ_DPM,640,11
MODIFIER_HSA,HSA_DATA_OMCI2,DBGHSA_OQ_FB,639,1
MODIFIER_HSA,HSA_DATA_OMCI2,DBGHSA_OQ_DRPPKT,638,1
MODIFIER_HSA,HSA_DATA_OMCI2,DBGHSA_EPRESV,460,178
MODIFIER_HSA,HSA_DATA_OMCI2,DBGHSA_EPCOM_PBODPM,455,5
MODIFIER_HSA,HSA_DATA_OMCI2,DBGHSA_EPCOM_PBOQID,440,15
MODIFIER_HSA,HSA_DATA_OMCI2,DBGHSA_EPCOM_FLOW_MIB_EN,439,1
MODIFIER_HSA,HSA_DATA_OMCI2,DBGHSA_EPCOM_FLOW_MIB_IDX,434,5
MODIFIER_HSA,HSA_DATA_OMCI2,DBGHSA_EPCOM_SINGLEIP_CHKSUM,418,16
MODIFIER_HSA,HSA_DATA_OMCI2,DBGHSA_EPCOM_KEEP,417,1
MODIFIER_HSA,HSA_DATA_OMCI2,DBGHSA_EPCOM_CPUKEEP,416,1
MODIFIER_HSA,HSA_DATA_OMCI2,DBGHSA_EPCOM_FRM_FB,415,1
MODIFIER_HSA,HSA_DATA_OMCI2,DBGHSA_EPCOM_PPPOE_ACT,413,2
MODIFIER_HSA,HSA_DATA_OMCI2,DBGHSA_EPCOM_PPPOE_SID,397,16
MODIFIER_HSA,HSA_DATA_OMCI2,DBGHSA_EPCOM_DMAC_TRANS,396,1
MODIFIER_HSA,HSA_DATA_OMCI2,DBGHSA_EPCOM_DMAC,348,48
MODIFIER_HSA,HSA_DATA_OMCI2,DBGHSA_EPCOM_NOCPUTAG,347,1
MODIFIER_HSA,HSA_DATA_OMCI2,DBGHSA_EPCOM_REGEN_CRC,346,1
MODIFIER_HSA,HSA_DATA_OMCI2,DBGHSA_EPCOM_DUALHDR_ACT,344,2
MODIFIER_HSA,HSA_DATA_OMCI2,DBGHSA_EPCOM_DUALHDR_IDX,338,6
MODIFIER_HSA,HSA_DATA_OMCI2,DBGHSA_EPCOM_DA_HOST_EN,337,1
MODIFIER_HSA,HSA_DATA_OMCI2,DBGHSA_EPCOM_DA_HOST_IDX,332,5
MODIFIER_HSA,HSA_DATA_OMCI2,DBGHSA_EPCOM_S_TPIDTYPE,331,1
MODIFIER_HSA,HSA_DATA_OMCI2,DBGHSA_EPCOM_L4TYPE,328,3
MODIFIER_HSA,HSA_DATA_OMCI2,DBGHSA_EPCOM_L3TYPE,325,3
MODIFIER_HSA,HSA_DATA_OMCI2,DBGHSA_EPCOM_L2TYPE,323,2
MODIFIER_HSA,HSA_DATA_OMCI2,DBGHSA_EPCOM_DATYPE,321,2
MODIFIER_HSA,HSA_DATA_OMCI2,DBGHSA_EPCOM_MCTYPE,319,2
MODIFIER_HSA,HSA_DATA_OMCI2,DBGHSA_EPCOM_S_TAG_IF,318,1
MODIFIER_HSA,HSA_DATA_OMCI2,DBGHSA_EPCOM_S_TAGPRI,315,3
MODIFIER_HSA,HSA_DATA_OMCI2,DBGHSA_EPCOM_S_TAGDEI,314,1
MODIFIER_HSA,HSA_DATA_OMCI2,DBGHSA_EPCOM_S_TAGVID,302,12
MODIFIER_HSA,HSA_DATA_OMCI2,DBGHSA_EPCOM_C_TAG_IF,301,1
MODIFIER_HSA,HSA_DATA_OMCI2,DBGHSA_EPCOM_C_TAGPRI,298,3
MODIFIER_HSA,HSA_DATA_OMCI2,DBGHSA_EPCOM_C_TAGCFI,297,1
MODIFIER_HSA,HSA_DATA_OMCI2,DBGHSA_EPCOM_C_TAGVID,285,12
MODIFIER_HSA,HSA_DATA_OMCI2,DBGHSA_EPCOM_SP2C_SRCVID,273,12
MODIFIER_HSA,HSA_DATA_OMCI2,DBGHSA_EPCOM_INTPRI,270,3
MODIFIER_HSA,HSA_DATA_OMCI2,DBGHSA_EPCOM_DPC,266,4
MODIFIER_HSA,HSA_DATA_OMCI2,DBGHSA_EPCOM_DMABC,252,14
MODIFIER_HSA,HSA_DATA_OMCI2,DBGHSA_EPCOM_PONSID,245,7
MODIFIER_HSA,HSA_DATA_OMCI2,DBGHSA_EPCOM_CPUTAG_PRI,236,9
MODIFIER_HSA,HSA_DATA_OMCI2,DBGHSA_EPCOM_CPUTAG_ORG,235,1
MODIFIER_HSA,HSA_DATA_OMCI2,DBGHSA_EPCOM_EXTSPA,232,3
MODIFIER_HSA,HSA_DATA_OMCI2,DBGHSA_EPCOM_SPA,228,4
MODIFIER_HSA,HSA_DATA_OMCI2,DBGHSA_EPCOM_FWDRSN,220,8
MODIFIER_HSA,HSA_DATA_OMCI2,DBGHSA_EPCOM_EXTMASK_HASH_IDX,199,21
MODIFIER_HSA,HSA_DATA_OMCI2,DBGHSA_EPCOM_DPM_TYPE,177,22
MODIFIER_HSA,HSA_DATA_OMCI2,DBGHSA_EPCOM_EPTYPE,175,2
MODIFIER_HSA,HSA_DATA_OMCI2,DBGHSA_GRP0_O_INF_MIB_EN,174,1
MODIFIER_HSA,HSA_DATA_OMCI2,DBGHSA_GRP0_O_INF,170,4
MODIFIER_HSA,HSA_DATA_OMCI2,DBGHSA_GRP0_SMAC_TRANS,169,1
MODIFIER_HSA,HSA_DATA_OMCI2,DBGHSA_GRP0_DSCP_REM_EN,168,1
MODIFIER_HSA,HSA_DATA_OMCI2,DBGHSA_GRP0_DSCP_REM_VAL,160,8
MODIFIER_HSA,HSA_DATA_OMCI2,DBGHSA_GRP0_C_REM_EN,159,1
MODIFIER_HSA,HSA_DATA_OMCI2,DBGHSA_GRP0_S_TPIDTYPE,158,1
MODIFIER_HSA,HSA_DATA_OMCI2,DBGHSA_GRP0_CVLAN_INFO,128,30
MODIFIER_HSA,HSA_DATA_OMCI2,DBGHSA_GRP0_SVLAN_INFO,98,30
MODIFIER_HSA,HSA_DATA_OMCI2,DBGHSA_OMCI_RSVD,24,74
MODIFIER_HSA,HSA_DATA_OMCI2,DBGHSA_OMCI_DEV_ID,16,8
MODIFIER_HSA,HSA_DATA_OMCI2,DBGHSA_OMCI_CONT_LEN,0,16
MODIFIER_HSA,HSA_DATA_PTP,DBGHSA_BGDSC,720,10
MODIFIER_HSA,HSA_DATA_PTP,DBGHSA_OQ_ENDSC,710,10
MODIFIER_HSA,HSA_DATA_PTP,DBGHSA_OQ_PKTLEN,696,14
MODIFIER_HSA,HSA_DATA_PTP,DBGHSA_OQ_SID,689,7
MODIFIER_HSA,HSA_DATA_PTP,DBGHSA_OQ_SPA,685,4
MODIFIER_HSA,HSA_DATA_PTP,DBGHSA_OQ_FLOODPKT,684,1
MODIFIER_HSA,HSA_DATA_PTP,DBGHSA_OQ_QID,651,33
MODIFIER_HSA,HSA_DATA_PTP,DBGHSA_OQ_DPM,640,11
MODIFIER_HSA,HSA_DATA_PTP,DBGHSA_OQ_FB,639,1
MODIFIER_HSA,HSA_DATA_PTP,DBGHSA_OQ_DRPPKT,638,1
MODIFIER_HSA,HSA_DATA_PTP,DBGHSA_EPRESV,435,203
MODIFIER_HSA,HSA_DATA_PTP,DBGHSA_EPCOM_SINGLEIP_CHKSUM,419,16
MODIFIER_HSA,HSA_DATA_PTP,DBGHSA_EPCOM_KEEP,418,1
MODIFIER_HSA,HSA_DATA_PTP,DBGHSA_EPCOM_CPUKEEP,417,1
MODIFIER_HSA,HSA_DATA_PTP,DBGHSA_EPCOM_FRM_FB,416,1
MODIFIER_HSA,HSA_DATA_PTP,DBGHSA_EPCOM_PPPOE_ACT,414,2
MODIFIER_HSA,HSA_DATA_PTP,DBGHSA_EPCOM_PPPOE_SID,398,16
MODIFIER_HSA,HSA_DATA_PTP,DBGHSA_EPCOM_DMAC_TRANS,397,1
MODIFIER_HSA,HSA_DATA_PTP,DBGHSA_EPCOM_DMAC,349,48
MODIFIER_HSA,HSA_DATA_PTP,DBGHSA_EPCOM_NOCPUTAG,348,1
MODIFIER_HSA,HSA_DATA_PTP,DBGHSA_EPCOM_REGEN_CRC,347,1
MODIFIER_HSA,HSA_DATA_PTP,DBGHSA_EPCOM_DUALHDR_ACT,345,2
MODIFIER_HSA,HSA_DATA_PTP,DBGHSA_EPCOM_DUALHDR_IDX,339,6
MODIFIER_HSA,HSA_DATA_PTP,DBGHSA_EPCOM_DA_HOST_EN,338,1
MODIFIER_HSA,HSA_DATA_PTP,DBGHSA_EPCOM_DA_HOST_IDX,333,5
MODIFIER_HSA,HSA_DATA_PTP,DBGHSA_EPCOM_S_TPIDTYPE,332,1
MODIFIER_HSA,HSA_DATA_PTP,DBGHSA_EPCOM_L4TYPE,329,3
MODIFIER_HSA,HSA_DATA_PTP,DBGHSA_EPCOM_L3TYPE,326,3
MODIFIER_HSA,HSA_DATA_PTP,DBGHSA_EPCOM_L2TYPE,324,2
MODIFIER_HSA,HSA_DATA_PTP,DBGHSA_EPCOM_DATYPE,322,2
MODIFIER_HSA,HSA_DATA_PTP,DBGHSA_EPCOM_MCTYPE,320,2
MODIFIER_HSA,HSA_DATA_PTP,DBGHSA_EPCOM_S_TAG_IF,319,1
MODIFIER_HSA,HSA_DATA_PTP,DBGHSA_EPCOM_S_TAGPRI,316,3
MODIFIER_HSA,HSA_DATA_PTP,DBGHSA_EPCOM_S_TAGDEI,315,1
MODIFIER_HSA,HSA_DATA_PTP,DBGHSA_EPCOM_S_TAGVID,303,12
MODIFIER_HSA,HSA_DATA_PTP,DBGHSA_EPCOM_C_TAG_IF,302,1
MODIFIER_HSA,HSA_DATA_PTP,DBGHSA_EPCOM_C_TAGPRI,299,3
MODIFIER_HSA,HSA_DATA_PTP,DBGHSA_EPCOM_C_TAGCFI,298,1
MODIFIER_HSA,HSA_DATA_PTP,DBGHSA_EPCOM_C_TAGVID,286,12
MODIFIER_HSA,HSA_DATA_PTP,DBGHSA_EPCOM_SP2C_SRCVID,274,12
MODIFIER_HSA,HSA_DATA_PTP,DBGHSA_EPCOM_INTPRI,271,3
MODIFIER_HSA,HSA_DATA_PTP,DBGHSA_EPCOM_DPC,267,4
MODIFIER_HSA,HSA_DATA_PTP,DBGHSA_EPCOM_DMABC,253,14
MODIFIER_HSA,HSA_DATA_PTP,DBGHSA_EPCOM_PONSID,246,7
MODIFIER_HSA,HSA_DATA_PTP,DBGHSA_EPCOM_CPUTAG_PRI,237,9
MODIFIER_HSA,HSA_DATA_PTP,DBGHSA_EPCOM_CPUTAG_L3R,236,1
MODIFIER_HSA,HSA_DATA_PTP,DBGHSA_EPCOM_CPUTAG_ORG,235,1
MODIFIER_HSA,HSA_DATA_PTP,DBGHSA_EPCOM_EXTSPA,232,3
MODIFIER_HSA,HSA_DATA_PTP,DBGHSA_EPCOM_SPA,228,4
MODIFIER_HSA,HSA_DATA_PTP,DBGHSA_EPCOM_FWDRSN,220,8
MODIFIER_HSA,HSA_DATA_PTP,DBGHSA_EPCOM_EXTMASK_HASH_IDX,199,21
MODIFIER_HSA,HSA_DATA_PTP,DBGHSA_EPCOM_DPM_TYPE,177,22
MODIFIER_HSA,HSA_DATA_PTP,DBGHSA_EPCOM_EPTYPE,175,2
MODIFIER_HSA,HSA_DATA_PTP,DBGHSA_GRP0_O_INF_MIB_EN,174,1
MODIFIER_HSA,HSA_DATA_PTP,DBGHSA_GRP0_O_INF,170,4
MODIFIER_HSA,HSA_DATA_PTP,DBGHSA_GRP0_SMAC_TRANS,169,1
MODIFIER_HSA,HSA_DATA_PTP,DBGHSA_GRP0_DSCP_REM_EN,168,1
MODIFIER_HSA,HSA_DATA_PTP,DBGHSA_GRP0_DSCP_REM_VAL,160,8
MODIFIER_HSA,HSA_DATA_PTP,DBGHSA_GRP0_C_REM_EN,159,1
MODIFIER_HSA,HSA_DATA_PTP,DBGHSA_GRP0_S_TPIDTYPE,158,1
MODIFIER_HSA,HSA_DATA_PTP,DBGHSA_GRP0_CVLAN_INFO,128,30
MODIFIER_HSA,HSA_DATA_PTP,DBGHSA_GRP0_SVLAN_INFO,98,30
MODIFIER_HSA,HSA_DATA_PTP,DBGHSA_PTP_ACT,96,2
MODIFIER_HSA,HSA_DATA_PTP,DBGHSA_PTP_ID,80,16
MODIFIER_HSA,HSA_DATA_PTP,DBGHSA_PTP_SEC,32,48
MODIFIER_HSA,HSA_DATA_PTP,DBGHSA_PTP_NSEC,0,32
MODIFIER_HSA,HSA_DATA_PTP2,DBGHSA_BGDSC,721,10
MODIFIER_HSA,HSA_DATA_PTP2,DBGHSA_OQ_DSPBO,720,1
MODIFIER_HSA,HSA_DATA_PTP2,DBGHSA_OQ_ENDSC,710,10
MODIFIER_HSA,HSA_DATA_PTP2,DBGHSA_OQ_PKTLEN,696,14
MODIFIER_HSA,HSA_DATA_PTP2,DBGHSA_OQ_SID,689,7
MODIFIER_HSA,HSA_DATA_PTP2,DBGHSA_OQ_SPA,685,4
MODIFIER_HSA,HSA_DATA_PTP2,DBGHSA_OQ_FLOODPKT,684,1
MODIFIER_HSA,HSA_DATA_PTP2,DBGHSA_OQ_QID,651,33
MODIFIER_HSA,HSA_DATA_PTP2,DBGHSA_OQ_DPM,640,11
MODIFIER_HSA,HSA_DATA_PTP2,DBGHSA_OQ_FB,639,1
MODIFIER_HSA,HSA_DATA_PTP2,DBGHSA_OQ_DRPPKT,638,1
MODIFIER_HSA,HSA_DATA_PTP2,DBGHSA_EPRESV,460,178
MODIFIER_HSA,HSA_DATA_PTP2,DBGHSA_EPCOM_PBODPM,455,5
MODIFIER_HSA,HSA_DATA_PTP2,DBGHSA_EPCOM_PBOQID,440,15
MODIFIER_HSA,HSA_DATA_PTP2,DBGHSA_EPCOM_FLOW_MIB_EN,439,1
MODIFIER_HSA,HSA_DATA_PTP2,DBGHSA_EPCOM_FLOW_MIB_IDX,434,5
MODIFIER_HSA,HSA_DATA_PTP2,DBGHSA_EPCOM_SINGLEIP_CHKSUM,418,16
MODIFIER_HSA,HSA_DATA_PTP2,DBGHSA_EPCOM_KEEP,417,1
MODIFIER_HSA,HSA_DATA_PTP2,DBGHSA_EPCOM_CPUKEEP,416,1
MODIFIER_HSA,HSA_DATA_PTP2,DBGHSA_EPCOM_FRM_FB,415,1
MODIFIER_HSA,HSA_DATA_PTP2,DBGHSA_EPCOM_PPPOE_ACT,413,2
MODIFIER_HSA,HSA_DATA_PTP2,DBGHSA_EPCOM_PPPOE_SID,397,16
MODIFIER_HSA,HSA_DATA_PTP2,DBGHSA_EPCOM_DMAC_TRANS,396,1
MODIFIER_HSA,HSA_DATA_PTP2,DBGHSA_EPCOM_DMAC,348,48
MODIFIER_HSA,HSA_DATA_PTP2,DBGHSA_EPCOM_NOCPUTAG,347,1
MODIFIER_HSA,HSA_DATA_PTP2,DBGHSA_EPCOM_REGEN_CRC,346,1
MODIFIER_HSA,HSA_DATA_PTP2,DBGHSA_EPCOM_DUALHDR_ACT,344,2
MODIFIER_HSA,HSA_DATA_PTP2,DBGHSA_EPCOM_DUALHDR_IDX,338,6
MODIFIER_HSA,HSA_DATA_PTP2,DBGHSA_EPCOM_DA_HOST_EN,337,1
MODIFIER_HSA,HSA_DATA_PTP2,DBGHSA_EPCOM_DA_HOST_IDX,332,5
MODIFIER_HSA,HSA_DATA_PTP2,DBGHSA_EPCOM_S_TPIDTYPE,331,1
MODIFIER_HSA,HSA_DATA_PTP2,DBGHSA_EPCOM_L4TYPE,328,3
MODIFIER_HSA,HSA_DATA_PTP2,DBGHSA_EPCOM_L3TYPE,325,3
MODIFIER_HSA,HSA_DATA_PTP2,DBGHSA_EPCOM_L2TYPE,323,2
MODIFIER_HSA,HSA_DATA_PTP2,DBGHSA_EPCOM_DATYPE,321,2
MODIFIER_HSA,HSA_DATA_PTP2,DBGHSA_EPCOM_MCTYPE,319,2
MODIFIER_HSA,HSA_DATA_PTP2,DBGHSA_EPCOM_S_TAG_IF,318,1
MODIFIER_HSA,HSA_DATA_PTP2,DBGHSA_EPCOM_S_TAGPRI,315,3
MODIFIER_HSA,HSA_DATA_PTP2,DBGHSA_EPCOM_S_TAGDEI,314,1
MODIFIER_HSA,HSA_DATA_PTP2,DBGHSA_EPCOM_S_TAGVID,302,12
MODIFIER_HSA,HSA_DATA_PTP2,DBGHSA_EPCOM_C_TAG_IF,301,1
MODIFIER_HSA,HSA_DATA_PTP2,DBGHSA_EPCOM_C_TAGPRI,298,3
MODIFIER_HSA,HSA_DATA_PTP2,DBGHSA_EPCOM_C_TAGCFI,297,1
MODIFIER_HSA,HSA_DATA_PTP2,DBGHSA_EPCOM_C_TAGVID,285,12
MODIFIER_HSA,HSA_DATA_PTP2,DBGHSA_EPCOM_SP2C_SRCVID,273,12
MODIFIER_HSA,HSA_DATA_PTP2,DBGHSA_EPCOM_INTPRI,270,3
MODIFIER_HSA,HSA_DATA_PTP2,DBGHSA_EPCOM_DPC,266,4
MODIFIER_HSA,HSA_DATA_PTP2,DBGHSA_EPCOM_DMABC,252,14
MODIFIER_HSA,HSA_DATA_PTP2,DBGHSA_EPCOM_PONSID,245,7
MODIFIER_HSA,HSA_DATA_PTP2,DBGHSA_EPCOM_CPUTAG_PRI,236,9
MODIFIER_HSA,HSA_DATA_PTP2,DBGHSA_EPCOM_CPUTAG_ORG,235,1
MODIFIER_HSA,HSA_DATA_PTP2,DBGHSA_EPCOM_EXTSPA,232,3
MODIFIER_HSA,HSA_DATA_PTP2,DBGHSA_EPCOM_SPA,228,4
MODIFIER_HSA,HSA_DATA_PTP2,DBGHSA_EPCOM_FWDRSN,220,8
MODIFIER_HSA,HSA_DATA_PTP2,DBGHSA_EPCOM_EXTMASK_HASH_IDX,199,21
MODIFIER_HSA,HSA_DATA_PTP2,DBGHSA_EPCOM_DPM_TYPE,177,22
MODIFIER_HSA,HSA_DATA_PTP2,DBGHSA_EPCOM_EPTYPE,175,2
MODIFIER_HSA,HSA_DATA_PTP2,DBGHSA_GRP0_O_INF_MIB_EN,174,1
MODIFIER_HSA,HSA_DATA_PTP2,DBGHSA_GRP0_O_INF,170,4
MODIFIER_HSA,HSA_DATA_PTP2,DBGHSA_GRP0_SMAC_TRANS,169,1
MODIFIER_HSA,HSA_DATA_PTP2,DBGHSA_GRP0_DSCP_REM_EN,168,1
MODIFIER_HSA,HSA_DATA_PTP2,DBGHSA_GRP0_DSCP_REM_VAL,160,8
MODIFIER_HSA,HSA_DATA_PTP2,DBGHSA_GRP0_C_REM_EN,159,1
MODIFIER_HSA,HSA_DATA_PTP2,DBGHSA_GRP0_S_TPIDTYPE,158,1
MODIFIER_HSA,HSA_DATA_PTP2,DBGHSA_GRP0_CVLAN_INFO,128,30
MODIFIER_HSA,HSA_DATA_PTP2,DBGHSA_GRP0_SVLAN_INFO,98,30
MODIFIER_HSA,HSA_DATA_PTP2,DBGHSA_PTP_ACT,96,2
MODIFIER_HSA,HSA_DATA_PTP2,DBGHSA_PTP_ID,80,16
MODIFIER_HSA,HSA_DATA_PTP2,DBGHSA_PTP_SEC,32,48
MODIFIER_HSA,HSA_DATA_PTP2,DBGHSA_PTP_NSEC,0,32
DEBUGGING_ALE_LOOPBACK_DROP_MECHANISM_FC_AND_QM_,HSA_DEBUG_DATA,RNG_HSD_RSVD0,455,57
DEBUGGING_ALE_LOOPBACK_DROP_MECHANISM_FC_AND_QM_,HSA_DEBUG_DATA,EGR_PORT,451,4
DEBUGGING_ALE_LOOPBACK_DROP_MECHANISM_FC_AND_QM_,HSA_DEBUG_DATA,RNG_HSD_CPUINS,450,1
DEBUGGING_ALE_LOOPBACK_DROP_MECHANISM_FC_AND_QM_,HSA_DEBUG_DATA,RNG_HSD_PPPOE,449,1
DEBUGGING_ALE_LOOPBACK_DROP_MECHANISM_FC_AND_QM_,HSA_DEBUG_DATA,RNG_HSD_TCP,448,1
DEBUGGING_ALE_LOOPBACK_DROP_MECHANISM_FC_AND_QM_,HSA_DEBUG_DATA,RNG_HSD_L3TYPE,445,3
DEBUGGING_ALE_LOOPBACK_DROP_MECHANISM_FC_AND_QM_,HSA_DEBUG_DATA,RNG_HSD_UDP,444,1
DEBUGGING_ALE_LOOPBACK_DROP_MECHANISM_FC_AND_QM_,HSA_DEBUG_DATA,RNG_HSD_34PPPOE,428,16
DEBUGGING_ALE_LOOPBACK_DROP_MECHANISM_FC_AND_QM_,HSA_DEBUG_DATA,RNG_HSD_NEWSMAC,380,48
DEBUGGING_ALE_LOOPBACK_DROP_MECHANISM_FC_AND_QM_,HSA_DEBUG_DATA,RNG_HSD_SMACTRANS,379,1
DEBUGGING_ALE_LOOPBACK_DROP_MECHANISM_FC_AND_QM_,HSA_DEBUG_DATA,RNG_HSD_DMACTRANS,378,1
DEBUGGING_ALE_LOOPBACK_DROP_MECHANISM_FC_AND_QM_,HSA_DEBUG_DATA,RNG_HSD_L34TRANS,377,1
DEBUGGING_ALE_LOOPBACK_DROP_MECHANISM_FC_AND_QM_,HSA_DEBUG_DATA,RNG_HSD_SINGLEIP_CKSUM,361,16
DEBUGGING_ALE_LOOPBACK_DROP_MECHANISM_FC_AND_QM_,HSA_DEBUG_DATA,RNG_HSD_L3CKSUM,345,16
DEBUGGING_ALE_LOOPBACK_DROP_MECHANISM_FC_AND_QM_,HSA_DEBUG_DATA,RNG_HSD_L4CKSUM,329,16
DEBUGGING_ALE_LOOPBACK_DROP_MECHANISM_FC_AND_QM_,HSA_DEBUG_DATA,RNG_HSD_NEWIP,297,32
DEBUGGING_ALE_LOOPBACK_DROP_MECHANISM_FC_AND_QM_,HSA_DEBUG_DATA,RNG_HSD_NEWDMAC,249,48
DEBUGGING_ALE_LOOPBACK_DROP_MECHANISM_FC_AND_QM_,HSA_DEBUG_DATA,RNG_HSD_NEWPRT,233,16
DEBUGGING_ALE_LOOPBACK_DROP_MECHANISM_FC_AND_QM_,HSA_DEBUG_DATA,RNG_HSD_PPPOE_ACT,231,2
DEBUGGING_ALE_LOOPBACK_DROP_MECHANISM_FC_AND_QM_,HSA_DEBUG_DATA,RNG_HSD_SRC_MOD,230,1
DEBUGGING_ALE_LOOPBACK_DROP_MECHANISM_FC_AND_QM_,HSA_DEBUG_DATA,RNG_HSD_DUALHDR_ACT,228,2
DEBUGGING_ALE_LOOPBACK_DROP_MECHANISM_FC_AND_QM_,HSA_DEBUG_DATA,RNG_HSD_DUALHDR_IDX,222,6
DEBUGGING_ALE_LOOPBACK_DROP_MECHANISM_FC_AND_QM_,HSA_DEBUG_DATA,RNG_HSD_SINS,221,1
DEBUGGING_ALE_LOOPBACK_DROP_MECHANISM_FC_AND_QM_,HSA_DEBUG_DATA,RNG_HSD_STYP,220,1
DEBUGGING_ALE_LOOPBACK_DROP_MECHANISM_FC_AND_QM_,HSA_DEBUG_DATA,RNG_HSD_STAG,204,16
DEBUGGING_ALE_LOOPBACK_DROP_MECHANISM_FC_AND_QM_,HSA_DEBUG_DATA,RNG_HSD_CINS,203,1
DEBUGGING_ALE_LOOPBACK_DROP_MECHANISM_FC_AND_QM_,HSA_DEBUG_DATA,RNG_HSD_CTAG,187,16
DEBUGGING_ALE_LOOPBACK_DROP_MECHANISM_FC_AND_QM_,HSA_DEBUG_DATA,RNG_HSD_PTP,186,1
DEBUGGING_ALE_LOOPBACK_DROP_MECHANISM_FC_AND_QM_,HSA_DEBUG_DATA,RNG_HSD_PTPACT,184,2
DEBUGGING_ALE_LOOPBACK_DROP_MECHANISM_FC_AND_QM_,HSA_DEBUG_DATA,RNG_HSD_PTPID,177,7
DEBUGGING_ALE_LOOPBACK_DROP_MECHANISM_FC_AND_QM_,HSA_DEBUG_DATA,RNG_HSD_PTPNSEC,145,32
DEBUGGING_ALE_LOOPBACK_DROP_MECHANISM_FC_AND_QM_,HSA_DEBUG_DATA,RNG_HSD_PTPSEC,97,48
DEBUGGING_ALE_LOOPBACK_DROP_MECHANISM_FC_AND_QM_,HSA_DEBUG_DATA,RNG_HSD_ORG,96,1
DEBUGGING_ALE_LOOPBACK_DROP_MECHANISM_FC_AND_QM_,HSA_DEBUG_DATA,RNG_HSD_QID,93,3
DEBUGGING_ALE_LOOPBACK_DROP_MECHANISM_FC_AND_QM_,HSA_DEBUG_DATA,RNG_HSD_CPUPRI,90,3
DEBUGGING_ALE_LOOPBACK_DROP_MECHANISM_FC_AND_QM_,HSA_DEBUG_DATA,RNG_HSD_L3R,89,1
DEBUGGING_ALE_LOOPBACK_DROP_MECHANISM_FC_AND_QM_,HSA_DEBUG_DATA,RNG_HSD_EXTMASK_HASHIDX,73,16
DEBUGGING_ALE_LOOPBACK_DROP_MECHANISM_FC_AND_QM_,HSA_DEBUG_DATA,RNG_HSD_PONSID,66,7
DEBUGGING_ALE_LOOPBACK_DROP_MECHANISM_FC_AND_QM_,HSA_DEBUG_DATA,RNG_HSD_TRPRSN,58,8
DEBUGGING_ALE_LOOPBACK_DROP_MECHANISM_FC_AND_QM_,HSA_DEBUG_DATA,RNG_HSD_TTLPMSK,57,1
DEBUGGING_ALE_LOOPBACK_DROP_MECHANISM_FC_AND_QM_,HSA_DEBUG_DATA,RNG_HSD_DPC,53,4
DEBUGGING_ALE_LOOPBACK_DROP_MECHANISM_FC_AND_QM_,HSA_DEBUG_DATA,RNG_HSD_PKTLEN_DMA,39,14
DEBUGGING_ALE_LOOPBACK_DROP_MECHANISM_FC_AND_QM_,HSA_DEBUG_DATA,RNG_HSD_PKTLEN_PLA,25,14
DEBUGGING_ALE_LOOPBACK_DROP_MECHANISM_FC_AND_QM_,HSA_DEBUG_DATA,RNG_HSD_REGENCRC,24,1
DEBUGGING_ALE_LOOPBACK_DROP_MECHANISM_FC_AND_QM_,HSA_DEBUG_DATA,RNG_HSD_DSCP_REM_EN,23,1
DEBUGGING_ALE_LOOPBACK_DROP_MECHANISM_FC_AND_QM_,HSA_DEBUG_DATA,RNG_HSD_DSCP_REM_PRI,15,8
DEBUGGING_ALE_LOOPBACK_DROP_MECHANISM_FC_AND_QM_,HSA_DEBUG_DATA,RNG_HSD_SPA,11,4
DEBUGGING_ALE_LOOPBACK_DROP_MECHANISM_FC_AND_QM_,HSA_DEBUG_DATA,RNG_HSD_STDSC,1,10
DEBUGGING_ALE_LOOPBACK_DROP_MECHANISM_FC_AND_QM_,HSA_DEBUG_DATA,RNG_HSD_TXPAD,0,1
TABLE_ACCESS,ACL_ACTION_TABLE,HIT,63,1
TABLE_ACCESS,ACL_ACTION_TABLE,ACLINT,62,1
TABLE_ACCESS,ACL_ACTION_TABLE,PRIACT,59,3
TABLE_ACCESS,ACL_ACTION_TABLE,PRIDX,51,8
TABLE_ACCESS,ACL_ACTION_TABLE,FWDACT,49,2
TABLE_ACCESS,ACL_ACTION_TABLE,FWD_PMSK,38,11
TABLE_ACCESS,ACL_ACTION_TABLE,POLICACT,36,2
TABLE_ACCESS,ACL_ACTION_TABLE,METER_IDX,30,6
TABLE_ACCESS,ACL_ACTION_TABLE,SACT,27,3
TABLE_ACCESS,ACL_ACTION_TABLE,SVID,15,12
TABLE_ACCESS,ACL_ACTION_TABLE,CACT,12,3
TABLE_ACCESS,ACL_ACTION_TABLE,CVID,0,12
TABLE_ACCESS,ACL_DATA,VALID,144,1
TABLE_ACCESS,ACL_DATA,FIELD7,128,16
TABLE_ACCESS,ACL_DATA,FIELD6,112,16
TABLE_ACCESS,ACL_DATA,FIELD5,96,16
TABLE_ACCESS,ACL_DATA,FIELD4,80,16
TABLE_ACCESS,ACL_DATA,FIELD3,64,16
TABLE_ACCESS,ACL_DATA,FIELD2,48,16
TABLE_ACCESS,ACL_DATA,FIELD1,32,16
TABLE_ACCESS,ACL_DATA,FIELD0,16,16
TABLE_ACCESS,ACL_DATA,PMSK,5,11
TABLE_ACCESS,ACL_DATA,TAGS,3,2
TABLE_ACCESS,ACL_DATA,TYPE,0,3
TABLE_ACCESS,ACL_MASK,VALID,144,1
TABLE_ACCESS,ACL_MASK,FIELD7,128,16
TABLE_ACCESS,ACL_MASK,FIELD6,112,16
TABLE_ACCESS,ACL_MASK,FIELD5,96,16
TABLE_ACCESS,ACL_MASK,FIELD4,80,16
TABLE_ACCESS,ACL_MASK,FIELD3,64,16
TABLE_ACCESS,ACL_MASK,FIELD2,48,16
TABLE_ACCESS,ACL_MASK,FIELD1,32,16
TABLE_ACCESS,ACL_MASK,FIELD0,16,16
TABLE_ACCESS,ACL_MASK,PMSK,5,11
TABLE_ACCESS,ACL_MASK,TAGS,3,2
TABLE_ACCESS,ACL_MASK,TYPE,0,3
TABLE_ACCESS,CF_ACTION_DS,CF_PRI,61,3
TABLE_ACCESS,CF_ACTION_DS,CFPRI_ACT,60,1
TABLE_ACCESS,CF_ACTION_DS,CPRI_ACT,57,3
TABLE_ACCESS,CF_ACTION_DS,CVID_ACT,54,3
TABLE_ACCESS,CF_ACTION_DS,C_PRI,51,3
TABLE_ACCESS,CF_ACTION_DS,C_VID,39,12
TABLE_ACCESS,CF_ACTION_DS,CACT,37,2
TABLE_ACCESS,CF_ACTION_DS,UNI_ACT,35,2
TABLE_ACCESS,CF_ACTION_DS,UNI_PMSK,24,11
TABLE_ACCESS,CF_ACTION_DS,CSVID_ACT,21,3
TABLE_ACCESS,CF_ACTION_DS,CSPRI_ACT,18,3
TABLE_ACCESS,CF_ACTION_DS,CS_PRI,15,3
TABLE_ACCESS,CF_ACTION_DS,CS_VID,3,12
TABLE_ACCESS,CF_ACTION_DS,CSACT,0,3
TABLE_ACCESS,CF_ACTION_US,CPRI_ACT,57,3
TABLE_ACCESS,CF_ACTION_US,CVID_ACT,54,3
TABLE_ACCESS,CF_ACTION_US,C_PRI,51,3
TABLE_ACCESS,CF_ACTION_US,C_VID,39,12
TABLE_ACCESS,CF_ACTION_US,CACT,37,2
TABLE_ACCESS,CF_ACTION_US,DROP_TRAP_ACT,35,2
TABLE_ACCESS,CF_ACTION_US,ASSIGN_IDX,28,7
TABLE_ACCESS,CF_ACTION_US,SID_ACT,23,1
TABLE_ACCESS,CF_ACTION_US,CSVID_ACT,21,2
TABLE_ACCESS,CF_ACTION_US,CSPRI_ACT,18,3
TABLE_ACCESS,CF_ACTION_US,CS_PRI,15,3
TABLE_ACCESS,CF_ACTION_US,CS_VID,3,12
TABLE_ACCESS,CF_ACTION_US,CSACT,0,3
TABLE_ACCESS,CF_MASK_T0,VALID,48,1
TABLE_ACCESS,CF_MASK_T0,INTER_PRI,45,3
TABLE_ACCESS,CF_MASK_T0,PPPOE,44,1
TABLE_ACCESS,CF_MASK_T0,IPV4,43,1
TABLE_ACCESS,CF_MASK_T0,IPV6,42,1
TABLE_ACCESS,CF_MASK_T0,IPMC,41,1
TABLE_ACCESS,CF_MASK_T0,IGMP_MLD,40,1
TABLE_ACCESS,CF_MASK_T0,ACL_HIT,32,8
TABLE_ACCESS,CF_MASK_T0,U_D,31,1
TABLE_ACCESS,CF_MASK_T0,TOS_GEMIDX,23,8
TABLE_ACCESS,CF_MASK_T0,OUTER_TAG,7,16
TABLE_ACCESS,CF_MASK_T0,STPID,6,1
TABLE_ACCESS,CF_MASK_T0,IF_STAG,5,1
TABLE_ACCESS,CF_MASK_T0,IF_CTAG,4,1
TABLE_ACCESS,CF_MASK_T0,UNI,0,4
TABLE_ACCESS,CF_MASK_T1,VALID,48,1
TABLE_ACCESS,CF_MASK_T1,ETH_TYPE_0,32,16
TABLE_ACCESS,CF_MASK_T1,U_D,31,1
TABLE_ACCESS,CF_MASK_T1,TOS_GEMIDX,23,8
TABLE_ACCESS,CF_MASK_T1,OUTER_TAG,7,16
TABLE_ACCESS,CF_MASK_T1,STPID,6,1
TABLE_ACCESS,CF_MASK_T1,IF_STAG,5,1
TABLE_ACCESS,CF_MASK_T1,IF_CTAG,4,1
TABLE_ACCESS,CF_MASK_T1,UNI,0,4
TABLE_ACCESS,CF_MASK_T2,VALID,48,1
TABLE_ACCESS,CF_MASK_T2,CTAG,32,16
TABLE_ACCESS,CF_MASK_T2,U_D,31,1
TABLE_ACCESS,CF_MASK_T2,TOS_GEMIDX,23,8
TABLE_ACCESS,CF_MASK_T2,OUTER_TAG,7,16
TABLE_ACCESS,CF_MASK_T2,STPID,6,1
TABLE_ACCESS,CF_MASK_T2,IF_STAG,5,1
TABLE_ACCESS,CF_MASK_T2,IF_CTAG,4,1
TABLE_ACCESS,CF_MASK_T2,UNI,0,4
TABLE_ACCESS,CF_RULE_T0,VALID,48,1
TABLE_ACCESS,CF_RULE_T0,INTER_PRI,45,3
TABLE_ACCESS,CF_RULE_T0,PPPOE,44,1
TABLE_ACCESS,CF_RULE_T0,IPV4,43,1
TABLE_ACCESS,CF_RULE_T0,IPV6,42,1
TABLE_ACCESS,CF_RULE_T0,IPMC,41,1
TABLE_ACCESS,CF_RULE_T0,IGMP_MLD,40,1
TABLE_ACCESS,CF_RULE_T0,ACL_HIT,32,8
TABLE_ACCESS,CF_RULE_T0,U_D,31,1
TABLE_ACCESS,CF_RULE_T0,TOS_GEMIDX,23,8
TABLE_ACCESS,CF_RULE_T0,OUTER_TAG,7,16
TABLE_ACCESS,CF_RULE_T0,STPID,6,1
TABLE_ACCESS,CF_RULE_T0,IF_STAG,5,1
TABLE_ACCESS,CF_RULE_T0,IF_CTAG,4,1
TABLE_ACCESS,CF_RULE_T0,UNI,0,4
TABLE_ACCESS,CF_RULE_T1,VALID,48,1
TABLE_ACCESS,CF_RULE_T1,ETH_TYPE_0,32,16
TABLE_ACCESS,CF_RULE_T1,U_D,31,1
TABLE_ACCESS,CF_RULE_T1,TOS_GEMIDX,23,8
TABLE_ACCESS,CF_RULE_T1,OUTER_TAG,7,16
TABLE_ACCESS,CF_RULE_T1,STPID,6,1
TABLE_ACCESS,CF_RULE_T1,IF_STAG,5,1
TABLE_ACCESS,CF_RULE_T1,IF_CTAG,4,1
TABLE_ACCESS,CF_RULE_T1,UNI,0,4
TABLE_ACCESS,CF_RULE_T2,VALID,48,1
TABLE_ACCESS,CF_RULE_T2,CTAG,32,16
TABLE_ACCESS,CF_RULE_T2,U_D,31,1
TABLE_ACCESS,CF_RULE_T2,TOS_GEMIDX,23,8
TABLE_ACCESS,CF_RULE_T2,OUTER_TAG,7,16
TABLE_ACCESS,CF_RULE_T2,STPID,6,1
TABLE_ACCESS,CF_RULE_T2,IF_STAG,5,1
TABLE_ACCESS,CF_RULE_T2,IF_CTAG,4,1
TABLE_ACCESS,CF_RULE_T2,UNI,0,4
TABLE_ACCESS,L2_MC_DSL,VALID,79,1
TABLE_ACCESS,L2_MC_DSL,EXT_MBRIDX,74,5
TABLE_ACCESS,L2_MC_DSL,MBR,63,11
TABLE_ACCESS,L2_MC_DSL,IVL_SVL,62,1
TABLE_ACCESS,L2_MC_DSL,NOT_SALEARN,61,1
TABLE_ACCESS,L2_MC_DSL,L3LOOKUP,60,1
TABLE_ACCESS,L2_MC_DSL,VID_FID,48,12
TABLE_ACCESS,L2_MC_DSL,MAC,0,48
TABLE_ACCESS,L2_UC,VALID,79,1
TABLE_ACCESS,L2_UC,EXT_SPA,76,3
TABLE_ACCESS,L2_UC,ARP_USAGE,75,1
TABLE_ACCESS,L2_UC,DA_BLK,74,1
TABLE_ACCESS,L2_UC,SA_BLK,73,1
TABLE_ACCESS,L2_UC,AGE,70,3
TABLE_ACCESS,L2_UC,SPA,66,4
TABLE_ACCESS,L2_UC,CTAG_IF,65,1
TABLE_ACCESS,L2_UC,FID,63,2
TABLE_ACCESS,L2_UC,IVL_SVL,62,1
TABLE_ACCESS,L2_UC,NOT_SALEARN,61,1
TABLE_ACCESS,L2_UC,L3LOOKUP,60,1
TABLE_ACCESS,L2_UC,CVID,48,12
TABLE_ACCESS,L2_UC,MAC,0,48
TABLE_ACCESS,L3_MC,VALID,79,1
TABLE_ACCESS,L3_MC,EXT_MBRIDX,74,5
TABLE_ACCESS,L3_MC,MBR,63,11
TABLE_ACCESS,L3_MC,IVL_SVL,62,1
TABLE_ACCESS,L3_MC,NOT_SALEARN,61,1
TABLE_ACCESS,L3_MC,L3LOOKUP,60,1
TABLE_ACCESS,L3_MC,SIP,28,32
TABLE_ACCESS,L3_MC,GIP,0,28
TABLE_ACCESS,L3_MC_FID,VALID,79,1
TABLE_ACCESS,L3_MC_FID,EXT_MBRIDX,74,5
TABLE_ACCESS,L3_MC_FID,MBR,63,11
TABLE_ACCESS,L3_MC_FID,IVL_SVL,62,1
TABLE_ACCESS,L3_MC_FID,NOT_SALEARN,61,1
TABLE_ACCESS,L3_MC_FID,L3LOOKUP,60,1
TABLE_ACCESS,L3_MC_FID,FID,30,2
TABLE_ACCESS,L3_MC_FID,GIP,0,28
TABLE_ACCESS,L3_MC_VID,VALID,79,1
TABLE_ACCESS,L3_MC_VID,EXT_MBRIDX,74,5
TABLE_ACCESS,L3_MC_VID,MBR,63,11
TABLE_ACCESS,L3_MC_VID,IVL_SVL,62,1
TABLE_ACCESS,L3_MC_VID,NOT_SALEARN,61,1
TABLE_ACCESS,L3_MC_VID,L3LOOKUP,60,1
TABLE_ACCESS,L3_MC_VID,VID,30,12
TABLE_ACCESS,L3_MC_VID,GIP,0,28
TABLE_ACCESS,VLAN,EXT_MASKIDX,26,5
TABLE_ACCESS,VLAN,IVL_SVL,25,1
TABLE_ACCESS,VLAN,SVLAN_CHK_IVL_SVL,24,1
TABLE_ACCESS,VLAN,FID_MSTI,22,2
TABLE_ACCESS,VLAN,UNTAG,11,11
TABLE_ACCESS,VLAN,MBR,0,11
EPON_CONFIGURATION,EPON_GRANT,IS_FORCE_REPORT,52,1
EPON_CONFIGURATION,EPON_GRANT,LLIDIDX,49,3
EPON_CONFIGURATION,EPON_GRANT,IS_DISC,48,1
EPON_CONFIGURATION,EPON_GRANT,GRANT_LEN,32,16
EPON_CONFIGURATION,EPON_GRANT,GRANT_START,0,32
TABLE_ACCESS,CAM,CM_TBL,0,230
TABLE_ACCESS,CAM_TAG,VALID,16,1
TABLE_ACCESS,CAM_TAG,LOCK,15,1
TABLE_ACCESS,CAM_TAG,ID,0,15
TABLE_ACCESS,ETHER_TYPE,ETHER_TYPE,0,16
TABLE_ACCESS,FB_EXT_PORT,FB_EXT_PMASK,0,18
TABLE_ACCESS,FLOW_TABLE_PATH1_2,O_MIB_ADR,225,5
TABLE_ACCESS,FLOW_TABLE_PATH1_2,O_MIB_ACT,224,1
TABLE_ACCESS,FLOW_TABLE_PATH1_2,I_CPRI,221,3
TABLE_ACCESS,FLOW_TABLE_PATH1_2,LOCK,220,1
TABLE_ACCESS,FLOW_TABLE_PATH1_2,I_DSCP_CHK,219,1
TABLE_ACCESS,FLOW_TABLE_PATH1_2,O_UC_LUT_LUP,217,1
TABLE_ACCESS,FLOW_TABLE_PATH1_2,O_SMAC_T,216,1
TABLE_ACCESS,FLOW_TABLE_PATH1_2,O_SP2C_ACT,214,2
TABLE_ACCESS,FLOW_TABLE_PATH1_2,O_QID_ACT,213,1
TABLE_ACCESS,FLOW_TABLE_PATH1_2,O_STAG_ACT,212,1
TABLE_ACCESS,FLOW_TABLE_PATH1_2,O_CTAG_ACT,211,1
TABLE_ACCESS,FLOW_TABLE_PATH1_2,O_EGS_SID_ACT,210,1
TABLE_ACCESS,FLOW_TABLE_PATH1_2,O_EGS_CID_ACT,209,1
TABLE_ACCESS,FLOW_TABLE_PATH1_2,O_DROP,208,1
TABLE_ACCESS,FLOW_TABLE_PATH1_2,O_DSCP,202,6
TABLE_ACCESS,FLOW_TABLE_PATH1_2,O_DSCP_ACT,201,1
TABLE_ACCESS,FLOW_TABLE_PATH1_2,O_MACT,200,1
TABLE_ACCESS,FLOW_TABLE_PATH1_2,IO_STM_IDX,193,7
TABLE_ACCESS,FLOW_TABLE_PATH1_2,I_PPP_SID_CHK,192,1
TABLE_ACCESS,FLOW_TABLE_PATH1_2,O_CVID,180,12
TABLE_ACCESS,FLOW_TABLE_PATH1_2,O_CPRI,177,3
TABLE_ACCESS,FLOW_TABLE_PATH1_2,O_CPRI_ACT,176,1
TABLE_ACCESS,FLOW_TABLE_PATH1_2,O_SVID,164,12
TABLE_ACCESS,FLOW_TABLE_PATH1_2,O_SPRI,161,3
TABLE_ACCESS,FLOW_TABLE_PATH1_2,O_SPRI_ACT,160,1
TABLE_ACCESS,FLOW_TABLE_PATH1_2,O_PMASK,149,11
TABLE_ACCESS,FLOW_TABLE_PATH1_2,O_EXT_PMASK_IDX,144,5
TABLE_ACCESS,FLOW_TABLE_PATH1_2,O_EX_TAG_IDX,141,3
TABLE_ACCESS,FLOW_TABLE_PATH1_2,O_CVID_ACT,140,1
TABLE_ACCESS,FLOW_TABLE_PATH1_2,O_QID,137,3
TABLE_ACCESS,FLOW_TABLE_PATH1_2,O_SVID_ACT,136,1
TABLE_ACCESS,FLOW_TABLE_PATH1_2,O_DMAC_IDX,128,8
TABLE_ACCESS,FLOW_TABLE_PATH1_2,I_PPP_ID,112,16
TABLE_ACCESS,FLOW_TABLE_PATH1_2,I_EXT_SPA,109,3
TABLE_ACCESS,FLOW_TABLE_PATH1_2,I_SPA,100,4
TABLE_ACCESS,FLOW_TABLE_PATH1_2,I_CVLAN,84,12
TABLE_ACCESS,FLOW_TABLE_PATH1_2,I_SVLAN,68,12
TABLE_ACCESS,FLOW_TABLE_PATH1_2,I_DA_IDX,52,12
TABLE_ACCESS,FLOW_TABLE_PATH1_2,I_SA_IDX,36,12
TABLE_ACCESS,FLOW_TABLE_PATH1_2,I_PTC,32,4
TABLE_ACCESS,FLOW_TABLE_PATH1_2,I_TOS,24,8
TABLE_ACCESS,FLOW_TABLE_PATH1_2,O_IF_IDX,20,4
TABLE_ACCESS,FLOW_TABLE_PATH1_2,I_PPPOE_IF,19,1
TABLE_ACCESS,FLOW_TABLE_PATH1_2,I_STAG_IF,18,1
TABLE_ACCESS,FLOW_TABLE_PATH1_2,I_CTAG_IF,17,1
TABLE_ACCESS,FLOW_TABLE_PATH1_2,I_SPA_CHK,16,1
TABLE_ACCESS,FLOW_TABLE_PATH1_2,O_MTR_IDX,11,5
TABLE_ACCESS,FLOW_TABLE_PATH1_2,O_MTR_A,10,1
TABLE_ACCESS,FLOW_TABLE_PATH1_2,I_MACT,9,1
TABLE_ACCESS,FLOW_TABLE_PATH1_2,IO_STM_IDX_CHK,8,1
TABLE_ACCESS,FLOW_TABLE_PATH1_2,I_IF_IDX,4,4
TABLE_ACCESS,FLOW_TABLE_PATH1_2,PTH,2,2
TABLE_ACCESS,FLOW_TABLE_PATH1_2,O_DMAC_T,1,1
TABLE_ACCESS,FLOW_TABLE_PATH1_2,VALID,0,1
TABLE_ACCESS,FLOW_TABLE_PATH3_4,O_MIB_ADR,225,5
TABLE_ACCESS,FLOW_TABLE_PATH3_4,O_MIB_ACT,224,1
TABLE_ACCESS,FLOW_TABLE_PATH3_4,I_CPRI,221,3
TABLE_ACCESS,FLOW_TABLE_PATH3_4,LOCK,220,1
TABLE_ACCESS,FLOW_TABLE_PATH3_4,I_DSCP_CHK,219,1
TABLE_ACCESS,FLOW_TABLE_PATH3_4,I_L4_PTC,218,1
TABLE_ACCESS,FLOW_TABLE_PATH3_4,O_UC_LUT_LUP,217,1
TABLE_ACCESS,FLOW_TABLE_PATH3_4,O_SMAC_T,216,1
TABLE_ACCESS,FLOW_TABLE_PATH3_4,O_SP2C_ACT,214,2
TABLE_ACCESS,FLOW_TABLE_PATH3_4,O_QID_ACT,213,1
TABLE_ACCESS,FLOW_TABLE_PATH3_4,O_STAG_ACT,212,1
TABLE_ACCESS,FLOW_TABLE_PATH3_4,O_CTAG_ACT,211,1
TABLE_ACCESS,FLOW_TABLE_PATH3_4,O_EGS_SID_ACT,210,1
TABLE_ACCESS,FLOW_TABLE_PATH3_4,O_EGS_CID_ACT,209,1
TABLE_ACCESS,FLOW_TABLE_PATH3_4,O_DROP,208,1
TABLE_ACCESS,FLOW_TABLE_PATH3_4,O_DSCP,202,6
TABLE_ACCESS,FLOW_TABLE_PATH3_4,O_DSCP_ACT,201,1
TABLE_ACCESS,FLOW_TABLE_PATH3_4,O_MACT,200,1
TABLE_ACCESS,FLOW_TABLE_PATH3_4,IO_STM_IDX,193,7
TABLE_ACCESS,FLOW_TABLE_PATH3_4,I_PPP_SID_CHK,192,1
TABLE_ACCESS,FLOW_TABLE_PATH3_4,O_CVID,180,12
TABLE_ACCESS,FLOW_TABLE_PATH3_4,O_CPRI,177,3
TABLE_ACCESS,FLOW_TABLE_PATH3_4,O_CPRI_ACT,176,1
TABLE_ACCESS,FLOW_TABLE_PATH3_4,O_SVID,164,12
TABLE_ACCESS,FLOW_TABLE_PATH3_4,O_SPRI,161,3
TABLE_ACCESS,FLOW_TABLE_PATH3_4,O_SPRI_ACT,160,1
TABLE_ACCESS,FLOW_TABLE_PATH3_4,O_PMASK,149,11
TABLE_ACCESS,FLOW_TABLE_PATH3_4,O_EXT_PMASK_IDX,144,5
TABLE_ACCESS,FLOW_TABLE_PATH3_4,O_CVID_ACT,143,1
TABLE_ACCESS,FLOW_TABLE_PATH3_4,O_EX_TAG_IDX,140,3
TABLE_ACCESS,FLOW_TABLE_PATH3_4,O_QID,137,3
TABLE_ACCESS,FLOW_TABLE_PATH3_4,O_SVID_ACT,136,1
TABLE_ACCESS,FLOW_TABLE_PATH3_4,O_DMAC_IDX,128,8
TABLE_ACCESS,FLOW_TABLE_PATH3_4,I_DPORT,112,16
TABLE_ACCESS,FLOW_TABLE_PATH3_4,I_SPORT,96,16
TABLE_ACCESS,FLOW_TABLE_PATH3_4,I_DIP_LSB,64,32
TABLE_ACCESS,FLOW_TABLE_PATH3_4,I_SIP_LSB,32,32
TABLE_ACCESS,FLOW_TABLE_PATH3_4,I_TOS,24,8
TABLE_ACCESS,FLOW_TABLE_PATH3_4,O_IF_IDX,20,4
TABLE_ACCESS,FLOW_TABLE_PATH3_4,I_PPPOE_IF,19,1
TABLE_ACCESS,FLOW_TABLE_PATH3_4,I_STAG_IF,18,1
TABLE_ACCESS,FLOW_TABLE_PATH3_4,I_CTAG_IF,17,1
TABLE_ACCESS,FLOW_TABLE_PATH3_4,I_IPV4_6,16,1
TABLE_ACCESS,FLOW_TABLE_PATH3_4,O_MTR_IDX,11,5
TABLE_ACCESS,FLOW_TABLE_PATH3_4,O_MTR_A,10,1
TABLE_ACCESS,FLOW_TABLE_PATH3_4,I_MACT,9,1
TABLE_ACCESS,FLOW_TABLE_PATH3_4,IO_STM_IDX_CHK,8,1
TABLE_ACCESS,FLOW_TABLE_PATH3_4,I_IF_IDX,4,4
TABLE_ACCESS,FLOW_TABLE_PATH3_4,PTH,2,2
TABLE_ACCESS,FLOW_TABLE_PATH3_4,O_DMAC_T,1,1
TABLE_ACCESS,FLOW_TABLE_PATH3_4,VALID,0,1
TABLE_ACCESS,FLOW_TABLE_PATH5,O_MIB_ADR,225,5
TABLE_ACCESS,FLOW_TABLE_PATH5,O_MIB_ACT,224,1
TABLE_ACCESS,FLOW_TABLE_PATH5,I_CPRI,221,3
TABLE_ACCESS,FLOW_TABLE_PATH5,LOCK,220,1
TABLE_ACCESS,FLOW_TABLE_PATH5,I_DSCP_CHK,219,1
TABLE_ACCESS,FLOW_TABLE_PATH5,I_L4_PTC,218,1
TABLE_ACCESS,FLOW_TABLE_PATH5,O_SP2C_ACT,214,2
TABLE_ACCESS,FLOW_TABLE_PATH5,O_QID_ACT,213,1
TABLE_ACCESS,FLOW_TABLE_PATH5,O_STAG_ACT,212,1
TABLE_ACCESS,FLOW_TABLE_PATH5,O_CTAG_ACT,211,1
TABLE_ACCESS,FLOW_TABLE_PATH5,O_EGS_SID_ACT,210,1
TABLE_ACCESS,FLOW_TABLE_PATH5,O_EGS_CID_ACT,209,1
TABLE_ACCESS,FLOW_TABLE_PATH5,O_DROP,208,1
TABLE_ACCESS,FLOW_TABLE_PATH5,O_DSCP,202,6
TABLE_ACCESS,FLOW_TABLE_PATH5,O_DSCP_ACT,201,1
TABLE_ACCESS,FLOW_TABLE_PATH5,O_L4_ACT,200,1
TABLE_ACCESS,FLOW_TABLE_PATH5,IO_STM_IDX,193,7
TABLE_ACCESS,FLOW_TABLE_PATH5,O_L4_DIR,192,1
TABLE_ACCESS,FLOW_TABLE_PATH5,O_CVID,180,12
TABLE_ACCESS,FLOW_TABLE_PATH5,O_CPRI,177,3
TABLE_ACCESS,FLOW_TABLE_PATH5,O_CPRI_ACT,176,1
TABLE_ACCESS,FLOW_TABLE_PATH5,O_SVID,164,12
TABLE_ACCESS,FLOW_TABLE_PATH5,O_SPRI,161,3
TABLE_ACCESS,FLOW_TABLE_PATH5,O_SPRI_ACT,160,1
TABLE_ACCESS,FLOW_TABLE_PATH5,O_L4_PORT,144,16
TABLE_ACCESS,FLOW_TABLE_PATH5,O_EX_TAG_IDX,141,3
TABLE_ACCESS,FLOW_TABLE_PATH5,O_CVID_ACT,140,1
TABLE_ACCESS,FLOW_TABLE_PATH5,O_QID,137,3
TABLE_ACCESS,FLOW_TABLE_PATH5,O_SVID_ACT,136,1
TABLE_ACCESS,FLOW_TABLE_PATH5,O_DMAC_IDX,128,8
TABLE_ACCESS,FLOW_TABLE_PATH5,I_DPORT,112,16
TABLE_ACCESS,FLOW_TABLE_PATH5,I_SPORT,96,16
TABLE_ACCESS,FLOW_TABLE_PATH5,I_DIP_LSB,64,32
TABLE_ACCESS,FLOW_TABLE_PATH5,I_SIP_LSB,32,32
TABLE_ACCESS,FLOW_TABLE_PATH5,I_TOS,24,8
TABLE_ACCESS,FLOW_TABLE_PATH5,O_IF_IDX,20,4
TABLE_ACCESS,FLOW_TABLE_PATH5,I_PPPOE_IF,19,1
TABLE_ACCESS,FLOW_TABLE_PATH5,I_STAG_IF,18,1
TABLE_ACCESS,FLOW_TABLE_PATH5,I_CTAG_IF,17,1
TABLE_ACCESS,FLOW_TABLE_PATH5,I_IPV4_6,16,1
TABLE_ACCESS,FLOW_TABLE_PATH5,O_MTR_IDX,11,5
TABLE_ACCESS,FLOW_TABLE_PATH5,O_MTR_A,10,1
TABLE_ACCESS,FLOW_TABLE_PATH5,IO_STM_IDX_CHK,8,1
TABLE_ACCESS,FLOW_TABLE_PATH5,I_IF_IDX,4,4
TABLE_ACCESS,FLOW_TABLE_PATH5,PTH,2,2
TABLE_ACCESS,FLOW_TABLE_PATH5,VALID,0,1
TABLE_ACCESS,FLOW_TABLE_PATH6,I_CPRI,221,3
TABLE_ACCESS,FLOW_TABLE_PATH6,LOCK,220,1
TABLE_ACCESS,FLOW_TABLE_PATH6,I_DSCP_CHK,219,1
TABLE_ACCESS,FLOW_TABLE_PATH6,I_GRE_ID_CHK,218,1
TABLE_ACCESS,FLOW_TABLE_PATH6,O_DROP,208,1
TABLE_ACCESS,FLOW_TABLE_PATH6,I_L2_SSN_ID,176,16
TABLE_ACCESS,FLOW_TABLE_PATH6,I_L2_TNL_ID,160,16
TABLE_ACCESS,FLOW_TABLE_PATH6,I_DA_IDX,148,12
TABLE_ACCESS,FLOW_TABLE_PATH6,I_SA_IDX,136,12
TABLE_ACCESS,FLOW_TABLE_PATH6,I_PTC,128,4
TABLE_ACCESS,FLOW_TABLE_PATH6,I_DPORT,112,16
TABLE_ACCESS,FLOW_TABLE_PATH6,I_SPORT,96,16
TABLE_ACCESS,FLOW_TABLE_PATH6,I_DIP_LSB,64,32
TABLE_ACCESS,FLOW_TABLE_PATH6,I_SIP_LSB,32,32
TABLE_ACCESS,FLOW_TABLE_PATH6,I_TOS,24,8
TABLE_ACCESS,FLOW_TABLE_PATH6,I_PPPOE_IF,19,1
TABLE_ACCESS,FLOW_TABLE_PATH6,I_STAG_IF,18,1
TABLE_ACCESS,FLOW_TABLE_PATH6,I_CTAG_IF,17,1
TABLE_ACCESS,FLOW_TABLE_PATH6,I_IPV4_6,16,1
TABLE_ACCESS,FLOW_TABLE_PATH6,I_DIP_CHK,15,1
TABLE_ACCESS,FLOW_TABLE_PATH6,I_SIP_CHK,14,1
TABLE_ACCESS,FLOW_TABLE_PATH6,I_DMAC_CHK,13,1
TABLE_ACCESS,FLOW_TABLE_PATH6,I_SMAC_CHK,12,1
TABLE_ACCESS,FLOW_TABLE_PATH6,I_L2_SSN_ID_CHK,11,1
TABLE_ACCESS,FLOW_TABLE_PATH6,I_L2_TNL_ID_CHK,10,1
TABLE_ACCESS,FLOW_TABLE_PATH6,I_DPORT_CHK,9,1
TABLE_ACCESS,FLOW_TABLE_PATH6,I_SPORT_CHK,8,1
TABLE_ACCESS,FLOW_TABLE_PATH6,I_IF_IDX,4,4
TABLE_ACCESS,FLOW_TABLE_PATH6,PTH,2,2
TABLE_ACCESS,FLOW_TABLE_PATH6,VALID,0,1
TABLE_ACCESS,FLOW_TABLE_TAG,CTTL,3,4
TABLE_ACCESS,FLOW_TABLE_TAG,HID_MSB,0,3
TABLE_ACCESS,INTERFACE,IGS_EXT_PMSK,131,18
TABLE_ACCESS,INTERFACE,IGS_PMSK,120,11
TABLE_ACCESS,INTERFACE,EGS_ACT,118,2
TABLE_ACCESS,INTERFACE,IGS_ACT,116,2
TABLE_ACCESS,INTERFACE,DENY_IPV6,115,1
TABLE_ACCESS,INTERFACE,DENY_IPV4,114,1
TABLE_ACCESS,INTERFACE,PPPOE_ACT,112,2
TABLE_ACCESS,INTERFACE,PPPOE_ID,96,16
TABLE_ACCESS,INTERFACE,MTU_CHK,95,1
TABLE_ACCESS,INTERFACE,MTU,81,14
TABLE_ACCESS,INTERFACE,VALID,80,1
TABLE_ACCESS,INTERFACE,GMAC,32,48
TABLE_ACCESS,INTERFACE,GIP,0,32
TABLE_ACCESS,MAC_IDX,LUT_IDX,0,12
TABLE_ACCESS,TCAM,TCM_TBL,0,230
TABLE_ACCESS,TCAM_RAW_TABLE_PATH1_2,VALID,144,1
TABLE_ACCESS,TCAM_RAW_TABLE_PATH1_2,I_CPRI,135,3
TABLE_ACCESS,TCAM_RAW_TABLE_PATH1_2,L2_PTC,92,7
TABLE_ACCESS,TCAM_RAW_TABLE_PATH1_2,EXT_SPA,89,3
TABLE_ACCESS,TCAM_RAW_TABLE_PATH1_2,SPA,85,4
TABLE_ACCESS,TCAM_RAW_TABLE_PATH1_2,SVLAN,73,12
TABLE_ACCESS,TCAM_RAW_TABLE_PATH1_2,CVLAN,61,12
TABLE_ACCESS,TCAM_RAW_TABLE_PATH1_2,DA_IDX,49,12
TABLE_ACCESS,TCAM_RAW_TABLE_PATH1_2,SA_IDX,37,12
TABLE_ACCESS,TCAM_RAW_TABLE_PATH1_2,PPP_ID,21,16
TABLE_ACCESS,TCAM_RAW_TABLE_PATH1_2,TOS,13,8
TABLE_ACCESS,TCAM_RAW_TABLE_PATH1_2,I_PPPOE_IF,12,1
TABLE_ACCESS,TCAM_RAW_TABLE_PATH1_2,STAG_IF,11,1
TABLE_ACCESS,TCAM_RAW_TABLE_PATH1_2,CTAG_IF,10,1
TABLE_ACCESS,TCAM_RAW_TABLE_PATH1_2,MACT,9,1
TABLE_ACCESS,TCAM_RAW_TABLE_PATH1_2,STM_IDX,2,7
TABLE_ACCESS,TCAM_RAW_TABLE_PATH1_2,PTH,0,2
TABLE_ACCESS,TCAM_RAW_TABLE_PATH3_5,VALID,144,1
TABLE_ACCESS,TCAM_RAW_TABLE_PATH3_5,I_CPRI,135,3
TABLE_ACCESS,TCAM_RAW_TABLE_PATH3_5,I_DPORT,119,16
TABLE_ACCESS,TCAM_RAW_TABLE_PATH3_5,I_SPORT,103,16
TABLE_ACCESS,TCAM_RAW_TABLE_PATH3_5,I_DIP_LSB,71,32
TABLE_ACCESS,TCAM_RAW_TABLE_PATH3_5,I_SIP_LSB,39,32
TABLE_ACCESS,TCAM_RAW_TABLE_PATH3_5,I_L4_PTC,38,1
TABLE_ACCESS,TCAM_RAW_TABLE_PATH3_5,I_IPV4_6,37,1
TABLE_ACCESS,TCAM_RAW_TABLE_PATH3_5,PPP_ID,21,16
TABLE_ACCESS,TCAM_RAW_TABLE_PATH3_5,I_TOS,13,8
TABLE_ACCESS,TCAM_RAW_TABLE_PATH3_5,PPPOE_IF,12,1
TABLE_ACCESS,TCAM_RAW_TABLE_PATH3_5,STAG_IF,11,1
TABLE_ACCESS,TCAM_RAW_TABLE_PATH3_5,CTAG_IF,10,1
TABLE_ACCESS,TCAM_RAW_TABLE_PATH3_5,MACT,9,1
TABLE_ACCESS,TCAM_RAW_TABLE_PATH3_5,PTH,0,2
TABLE_ACCESS,WAN_ACCESS_LIMIT,SA_IDX,1,12
TABLE_ACCESS,WAN_ACCESS_LIMIT,VALID,0,1
FB_HSBA,L34_HSA_NON_PATH5,RNG_NATHSA_S2_SMAC_T,242,1
FB_HSBA,L34_HSA_NON_PATH5,RNG_NATHSA_S2_EXTP_MASK,224,18
FB_HSBA,L34_HSA_NON_PATH5,RNG_NATHSA_S2_PMASK,213,11
FB_HSBA,L34_HSA_NON_PATH5,RNG_NATHSA_S2_EX_TAG_IDX,210,3
FB_HSBA,L34_HSA_NON_PATH5,RNG_NATHSA_S2_PP_SID,194,16
FB_HSBA,L34_HSA_NON_PATH5,RNG_NATHSA_S2_PP_ACT,193,1
FB_HSBA,L34_HSA_NON_PATH5,RNG_NATHSA_S2_O_IF_IDX,189,4
FB_HSBA,L34_HSA_NON_PATH5,RNG_NATHSA_S2_USER_PRI,186,3
FB_HSBA,L34_HSA_NON_PATH5,RNG_NATHSA_S2_USER_PRI_ACT,185,1
FB_HSBA,L34_HSA_NON_PATH5,RNG_NATHSA_S2_DSCP,179,6
FB_HSBA,L34_HSA_NON_PATH5,RNG_NATHSA_S2_DSCP_ACT,178,1
FB_HSBA,L34_HSA_NON_PATH5,RNG_NATHSA_S2_SPRI,175,3
FB_HSBA,L34_HSA_NON_PATH5,RNG_NATHSA_S2_SVID,163,12
FB_HSBA,L34_HSA_NON_PATH5,RNG_NATHSA_S2_EGS_SVID_ACT,162,1
FB_HSBA,L34_HSA_NON_PATH5,RNG_NATHSA_S2_SPRI_ACT,161,1
FB_HSBA,L34_HSA_NON_PATH5,RNG_NATHSA_S2_SVID_ACT,160,1
FB_HSBA,L34_HSA_NON_PATH5,RNG_NATHSA_S2_STAG_ACT,159,1
FB_HSBA,L34_HSA_NON_PATH5,RNG_NATHSA_S2_VID2S_ACT,158,1
FB_HSBA,L34_HSA_NON_PATH5,RNG_NATHSA_S2_CPRI,155,3
FB_HSBA,L34_HSA_NON_PATH5,RNG_NATHSA_S2_CVID,143,12
FB_HSBA,L34_HSA_NON_PATH5,RNG_NATHSA_S2_EGS_CVID_ACT,142,1
FB_HSBA,L34_HSA_NON_PATH5,RNG_NATHSA_S2_CPRI_ACT,141,1
FB_HSBA,L34_HSA_NON_PATH5,RNG_NATHSA_S2_CVID_ACT,140,1
FB_HSBA,L34_HSA_NON_PATH5,RNG_NATHSA_S2_CTAG_ACT,139,1
FB_HSBA,L34_HSA_NON_PATH5,RNG_NATHSA_S2_VID2C_ACT,138,1
FB_HSBA,L34_HSA_NON_PATH5,RNG_NATHSA_S2_ACT,137,1
FB_HSBA,L34_HSA_NON_PATH5,RNG_NATHSA_S1_P5,136,1
FB_HSBA,L34_HSA_NON_PATH5,RNG_NATHSA_S1_SMAC_T,135,1
FB_HSBA,L34_HSA_NON_PATH5,RNG_NATHSA_S1_EXTP_MASK,117,18
FB_HSBA,L34_HSA_NON_PATH5,RNG_NATHSA_S1_PMASK,106,11
FB_HSBA,L34_HSA_NON_PATH5,RNG_NATHSA_S1_EX_TAG_IDX,103,3
FB_HSBA,L34_HSA_NON_PATH5,RNG_NATHSA_S1_PP_SID,87,16
FB_HSBA,L34_HSA_NON_PATH5,RNG_NATHSA_S1_PP_ACT,86,1
FB_HSBA,L34_HSA_NON_PATH5,RNG_NATHSA_S1_O_IF_IDX,82,4
FB_HSBA,L34_HSA_NON_PATH5,RNG_NATHSA_S1_USER_PRI,79,3
FB_HSBA,L34_HSA_NON_PATH5,RNG_NATHSA_S1_USER_PRI_ACT,78,1
FB_HSBA,L34_HSA_NON_PATH5,RNG_NATHSA_S1_DSCP,72,6
FB_HSBA,L34_HSA_NON_PATH5,RNG_NATHSA_S1_DSCP_ACT,71,1
FB_HSBA,L34_HSA_NON_PATH5,RNG_NATHSA_S1_SPRI,68,3
FB_HSBA,L34_HSA_NON_PATH5,RNG_NATHSA_S1_SVID,56,12
FB_HSBA,L34_HSA_NON_PATH5,RNG_NATHSA_S1_EGS_SVID_ACT,55,1
FB_HSBA,L34_HSA_NON_PATH5,RNG_NATHSA_S1_SPRI_ACT,54,1
FB_HSBA,L34_HSA_NON_PATH5,RNG_NATHSA_S1_SVID_ACT,53,1
FB_HSBA,L34_HSA_NON_PATH5,RNG_NATHSA_S1_STAG_ACT,52,1
FB_HSBA,L34_HSA_NON_PATH5,RNG_NATHSA_S1_VID2S_ACT,51,1
FB_HSBA,L34_HSA_NON_PATH5,RNG_NATHSA_S1_CPRI,48,3
FB_HSBA,L34_HSA_NON_PATH5,RNG_NATHSA_S1_CVID,36,12
FB_HSBA,L34_HSA_NON_PATH5,RNG_NATHSA_S1_EGS_CVID_ACT,35,1
FB_HSBA,L34_HSA_NON_PATH5,RNG_NATHSA_S1_CPRI_ACT,34,1
FB_HSBA,L34_HSA_NON_PATH5,RNG_NATHSA_S1_CVID_ACT,33,1
FB_HSBA,L34_HSA_NON_PATH5,RNG_NATHSA_S1_CTAG_ACT,32,1
FB_HSBA,L34_HSA_NON_PATH5,RNG_NATHSA_S1_VID2C_ACT,31,1
FB_HSBA,L34_HSA_NON_PATH5,RNG_NATHSA_HSA_DMAC_IDX,19,12
FB_HSBA,L34_HSA_NON_PATH5,RNG_NATHSA_HSA_DMAC_T,18,1
FB_HSBA,L34_HSA_NON_PATH5,RNG_NATHSA_HSA_STREAM_IDX,11,7
FB_HSBA,L34_HSA_NON_PATH5,RNG_NATHSA_HSA_STREAM_ACT,10,1
FB_HSBA,L34_HSA_NON_PATH5,RNG_NATHSA_HSA_UC_LUT_LUP,9,1
FB_HSBA,L34_HSA_NON_PATH5,RNG_NATHSA_HSA_I_IF_IDX,5,4
FB_HSBA,L34_HSA_NON_PATH5,RNG_NATHSA_HSA_PKT_TYPE,3,2
FB_HSBA,L34_HSA_NON_PATH5,RNG_NATHSA_HSA_HIT_DUAL,2,1
FB_HSBA,L34_HSA_NON_PATH5,RNG_NATHSA_HSA_ACT_DROP,1,1
FB_HSBA,L34_HSA_NON_PATH5,RNG_NATHSA_HSA_ACT_TRAP,0,1
FB_HSBA,L34_HSA_NON_PATH5,RNG_NATHSA_HSA_ACT,0,2
FB_HSBA,L34_HSA_NON_PATH5_2,RNG_NATHSA_S2_SMAC_T,243,1
FB_HSBA,L34_HSA_NON_PATH5_2,RNG_NATHSA_S2_EXTP_MASK,225,18
FB_HSBA,L34_HSA_NON_PATH5_2,RNG_NATHSA_S2_PMASK,214,11
FB_HSBA,L34_HSA_NON_PATH5_2,RNG_NATHSA_S2_PP_SID,198,16
FB_HSBA,L34_HSA_NON_PATH5_2,RNG_NATHSA_S2_PP_ACT,197,1
FB_HSBA,L34_HSA_NON_PATH5_2,RNG_NATHSA_S2_O_IF_IDX,193,4
FB_HSBA,L34_HSA_NON_PATH5_2,RNG_NATHSA_S2_USER_PRI,190,3
FB_HSBA,L34_HSA_NON_PATH5_2,RNG_NATHSA_S2_USER_PRI_ACT,189,1
FB_HSBA,L34_HSA_NON_PATH5_2,RNG_NATHSA_S2_DSCP,183,6
FB_HSBA,L34_HSA_NON_PATH5_2,RNG_NATHSA_S2_DSCP_ACT,182,1
FB_HSBA,L34_HSA_NON_PATH5_2,RNG_NATHSA_S2_SPRI,179,3
FB_HSBA,L34_HSA_NON_PATH5_2,RNG_NATHSA_S2_SVID,167,12
FB_HSBA,L34_HSA_NON_PATH5_2,RNG_NATHSA_S2_EGS_SVID_ACT,166,1
FB_HSBA,L34_HSA_NON_PATH5_2,RNG_NATHSA_S2_SPRI_ACT,165,1
FB_HSBA,L34_HSA_NON_PATH5_2,RNG_NATHSA_S2_SVID_ACT,164,1
FB_HSBA,L34_HSA_NON_PATH5_2,RNG_NATHSA_S2_STAG_ACT,163,1
FB_HSBA,L34_HSA_NON_PATH5_2,RNG_NATHSA_S2_VID2S_ACT,162,1
FB_HSBA,L34_HSA_NON_PATH5_2,RNG_NATHSA_S2_CPRI,159,3
FB_HSBA,L34_HSA_NON_PATH5_2,RNG_NATHSA_S2_CVID,147,12
FB_HSBA,L34_HSA_NON_PATH5_2,RNG_NATHSA_S2_EGS_CVID_ACT,146,1
FB_HSBA,L34_HSA_NON_PATH5_2,RNG_NATHSA_S2_CPRI_ACT,145,1
FB_HSBA,L34_HSA_NON_PATH5_2,RNG_NATHSA_S2_CVID_ACT,144,1
FB_HSBA,L34_HSA_NON_PATH5_2,RNG_NATHSA_S2_CTAG_ACT,143,1
FB_HSBA,L34_HSA_NON_PATH5_2,RNG_NATHSA_S2_VID2C_ACT,142,1
FB_HSBA,L34_HSA_NON_PATH5_2,RNG_NATHSA_S2_ACT,141,1
FB_HSBA,L34_HSA_NON_PATH5_2,RNG_NATHSA_S1_P5,140,1
FB_HSBA,L34_HSA_NON_PATH5_2,RNG_NATHSA_S1_SMAC_T,139,1
FB_HSBA,L34_HSA_NON_PATH5_2,RNG_NATHSA_S1_EXTP_MASK,121,18
FB_HSBA,L34_HSA_NON_PATH5_2,RNG_NATHSA_S1_PMASK,110,11
FB_HSBA,L34_HSA_NON_PATH5_2,RNG_NATHSA_S1_EX_TAG_IDX,107,3
FB_HSBA,L34_HSA_NON_PATH5_2,RNG_NATHSA_S1_PP_SID,91,16
FB_HSBA,L34_HSA_NON_PATH5_2,RNG_NATHSA_S1_PP_ACT,90,1
FB_HSBA,L34_HSA_NON_PATH5_2,RNG_NATHSA_S1_O_IF_IDX,86,4
FB_HSBA,L34_HSA_NON_PATH5_2,RNG_NATHSA_S1_USER_PRI,83,3
FB_HSBA,L34_HSA_NON_PATH5_2,RNG_NATHSA_S1_USER_PRI_ACT,82,1
FB_HSBA,L34_HSA_NON_PATH5_2,RNG_NATHSA_S1_DSCP,76,6
FB_HSBA,L34_HSA_NON_PATH5_2,RNG_NATHSA_S1_DSCP_ACT,75,1
FB_HSBA,L34_HSA_NON_PATH5_2,RNG_NATHSA_S1_SPRI,72,3
FB_HSBA,L34_HSA_NON_PATH5_2,RNG_NATHSA_S1_SVID,60,12
FB_HSBA,L34_HSA_NON_PATH5_2,RNG_NATHSA_S1_EGS_SVID_ACT,59,1
FB_HSBA,L34_HSA_NON_PATH5_2,RNG_NATHSA_S1_SPRI_ACT,58,1
FB_HSBA,L34_HSA_NON_PATH5_2,RNG_NATHSA_S1_SVID_ACT,57,1
FB_HSBA,L34_HSA_NON_PATH5_2,RNG_NATHSA_S1_STAG_ACT,56,1
FB_HSBA,L34_HSA_NON_PATH5_2,RNG_NATHSA_S1_VID2S_ACT,55,1
FB_HSBA,L34_HSA_NON_PATH5_2,RNG_NATHSA_S1_CPRI,52,3
FB_HSBA,L34_HSA_NON_PATH5_2,RNG_NATHSA_S1_CVID,40,12
FB_HSBA,L34_HSA_NON_PATH5_2,RNG_NATHSA_S1_EGS_CVID_ACT,39,1
FB_HSBA,L34_HSA_NON_PATH5_2,RNG_NATHSA_S1_CPRI_ACT,38,1
FB_HSBA,L34_HSA_NON_PATH5_2,RNG_NATHSA_S1_CVID_ACT,37,1
FB_HSBA,L34_HSA_NON_PATH5_2,RNG_NATHSA_S1_CTAG_ACT,36,1
FB_HSBA,L34_HSA_NON_PATH5_2,RNG_NATHSA_S1_VID2C_ACT,35,1
FB_HSBA,L34_HSA_NON_PATH5_2,RNG_NATHSA_HSA_MIB_IDX,30,5
FB_HSBA,L34_HSA_NON_PATH5_2,RNG_NATHSA_HSA_MIB_ACT,29,1
FB_HSBA,L34_HSA_NON_PATH5_2,RNG_NATHSA_HSA_DMAC_IDX,17,12
FB_HSBA,L34_HSA_NON_PATH5_2,RNG_NATHSA_HSA_DMAC_T,16,1
FB_HSBA,L34_HSA_NON_PATH5_2,RNG_NATHSA_HSA_STREAM_IDX,9,7
FB_HSBA,L34_HSA_NON_PATH5_2,RNG_NATHSA_HSA_STREAM_ACT,8,1
FB_HSBA,L34_HSA_NON_PATH5_2,RNG_NATHSA_HSA_UC_LUT_LUP,7,1
FB_HSBA,L34_HSA_NON_PATH5_2,RNG_NATHSA_HSA_I_IF_IDX,3,4
FB_HSBA,L34_HSA_NON_PATH5_2,RNG_NATHSA_HSA_HIT_DUAL,2,1
FB_HSBA,L34_HSA_NON_PATH5_2,RNG_NATHSA_HSA_ACT_DROP,1,1
FB_HSBA,L34_HSA_NON_PATH5_2,RNG_NATHSA_HSA_ACT_TRAP,0,1
FB_HSBA,L34_HSA_NON_PATH5_2,RNG_NATHSA_HSA_ACT,0,2
FB_HSBA,L34_HSA_PATH5,RNG_NATHSA_S1_L4_CS,203,16
FB_HSBA,L34_HSA_PATH5,RNG_NATHSA_S1_L3_CS,187,16
FB_HSBA,L34_HSA_PATH5,RNG_NATHSA_S1_PORT,171,16
FB_HSBA,L34_HSA_PATH5,RNG_NATHSA_S1_IP,139,32
FB_HSBA,L34_HSA_PATH5,RNG_NATHSA_S1_L4_DIR,138,1
FB_HSBA,L34_HSA_PATH5,RNG_NATHSA_S1_L4_ACT,137,1
FB_HSBA,L34_HSA_PATH5,RNG_NATHSA_S1_P5,136,1
FB_HSBA,L34_HSA_PATH5,RNG_NATHSA_S1_SMAC_T,135,1
FB_HSBA,L34_HSA_PATH5,RNG_NATHSA_S1_EXTP_MASK,117,18
FB_HSBA,L34_HSA_PATH5,RNG_NATHSA_S1_PMASK,106,11
FB_HSBA,L34_HSA_PATH5,RNG_NATHSA_S1_EX_TAG_IDX,103,3
FB_HSBA,L34_HSA_PATH5,RNG_NATHSA_S1_PP_SID,87,16
FB_HSBA,L34_HSA_PATH5,RNG_NATHSA_S1_PP_ACT,86,1
FB_HSBA,L34_HSA_PATH5,RNG_NATHSA_S1_O_IF_IDX,82,4
FB_HSBA,L34_HSA_PATH5,RNG_NATHSA_S1_USER_PRI,79,3
FB_HSBA,L34_HSA_PATH5,RNG_NATHSA_S1_USER_PRI_ACT,78,1
FB_HSBA,L34_HSA_PATH5,RNG_NATHSA_S1_DSCP,72,6
FB_HSBA,L34_HSA_PATH5,RNG_NATHSA_S1_DSCP_ACT,71,1
FB_HSBA,L34_HSA_PATH5,RNG_NATHSA_S1_SPRI,68,3
FB_HSBA,L34_HSA_PATH5,RNG_NATHSA_S1_SVID,56,12
FB_HSBA,L34_HSA_PATH5,RNG_NATHSA_S1_EGS_SVID_ACT,55,1
FB_HSBA,L34_HSA_PATH5,RNG_NATHSA_S1_SPRI_ACT,54,1
FB_HSBA,L34_HSA_PATH5,RNG_NATHSA_S1_SVID_ACT,53,1
FB_HSBA,L34_HSA_PATH5,RNG_NATHSA_S1_STAG_ACT,52,1
FB_HSBA,L34_HSA_PATH5,RNG_NATHSA_S1_VID2S_ACT,51,1
FB_HSBA,L34_HSA_PATH5,RNG_NATHSA_S1_CPRI,48,3
FB_HSBA,L34_HSA_PATH5,RNG_NATHSA_S1_CVID,36,12
FB_HSBA,L34_HSA_PATH5,RNG_NATHSA_S1_EGS_CVID_ACT,35,1
FB_HSBA,L34_HSA_PATH5,RNG_NATHSA_S1_CPRI_ACT,34,1
FB_HSBA,L34_HSA_PATH5,RNG_NATHSA_S1_CVID_ACT,33,1
FB_HSBA,L34_HSA_PATH5,RNG_NATHSA_S1_CTAG_ACT,32,1
FB_HSBA,L34_HSA_PATH5,RNG_NATHSA_S1_VID2C_ACT,31,1
FB_HSBA,L34_HSA_PATH5,RNG_NATHSA_HSA_DMAC_IDX,19,12
FB_HSBA,L34_HSA_PATH5,RNG_NATHSA_HSA_DMAC_T,18,1
FB_HSBA,L34_HSA_PATH5,RNG_NATHSA_HSA_STREAM_IDX,11,7
FB_HSBA,L34_HSA_PATH5,RNG_NATHSA_HSA_STREAM_ACT,10,1
FB_HSBA,L34_HSA_PATH5,RNG_NATHSA_HSA_UC_LUT_LUP,9,1
FB_HSBA,L34_HSA_PATH5,RNG_NATHSA_HSA_I_IF_IDX,5,4
FB_HSBA,L34_HSA_PATH5,RNG_NATHSA_HSA_PKT_TYPE,3,2
FB_HSBA,L34_HSA_PATH5,RNG_NATHSA_HSA_HIT_DUAL,2,1
FB_HSBA,L34_HSA_PATH5,RNG_NATHSA_HSA_ACT_DROP,1,1
FB_HSBA,L34_HSA_PATH5,RNG_NATHSA_HSA_ACT_TRAP,0,1
FB_HSBA,L34_HSA_PATH5,RNG_NATHSA_HSA_ACT,0,2
FB_HSBA,L34_HSA_PATH5_2,RNG_NATHSA_S1_L4_CS,207,16
FB_HSBA,L34_HSA_PATH5_2,RNG_NATHSA_S1_L3_CS,191,16
FB_HSBA,L34_HSA_PATH5_2,RNG_NATHSA_S1_PORT,175,16
FB_HSBA,L34_HSA_PATH5_2,RNG_NATHSA_S1_IP,143,32
FB_HSBA,L34_HSA_PATH5_2,RNG_NATHSA_S1_L4_DIR,142,1
FB_HSBA,L34_HSA_PATH5_2,RNG_NATHSA_S1_L4_ACT,141,1
FB_HSBA,L34_HSA_PATH5_2,RNG_NATHSA_S1_P5,140,1
FB_HSBA,L34_HSA_PATH5_2,RNG_NATHSA_S1_SMAC_T,139,1
FB_HSBA,L34_HSA_PATH5_2,RNG_NATHSA_S1_EXTP_MASK,121,18
FB_HSBA,L34_HSA_PATH5_2,RNG_NATHSA_S1_PMASK,110,11
FB_HSBA,L34_HSA_PATH5_2,RNG_NATHSA_S1_EX_TAG_IDX,107,3
FB_HSBA,L34_HSA_PATH5_2,RNG_NATHSA_S1_PP_SID,91,16
FB_HSBA,L34_HSA_PATH5_2,RNG_NATHSA_S1_PP_ACT,90,1
FB_HSBA,L34_HSA_PATH5_2,RNG_NATHSA_S1_O_IF_IDX,86,4
FB_HSBA,L34_HSA_PATH5_2,RNG_NATHSA_S1_USER_PRI,83,3
FB_HSBA,L34_HSA_PATH5_2,RNG_NATHSA_S1_USER_PRI_ACT,82,1
FB_HSBA,L34_HSA_PATH5_2,RNG_NATHSA_S1_DSCP,76,6
FB_HSBA,L34_HSA_PATH5_2,RNG_NATHSA_S1_DSCP_ACT,75,1
FB_HSBA,L34_HSA_PATH5_2,RNG_NATHSA_S1_SPRI,72,3
FB_HSBA,L34_HSA_PATH5_2,RNG_NATHSA_S1_SVID,60,12
FB_HSBA,L34_HSA_PATH5_2,RNG_NATHSA_S1_EGS_SVID_ACT,59,1
FB_HSBA,L34_HSA_PATH5_2,RNG_NATHSA_S1_SPRI_ACT,58,1
FB_HSBA,L34_HSA_PATH5_2,RNG_NATHSA_S1_SVID_ACT,57,1
FB_HSBA,L34_HSA_PATH5_2,RNG_NATHSA_S1_STAG_ACT,56,1
FB_HSBA,L34_HSA_PATH5_2,RNG_NATHSA_S1_VID2S_ACT,55,1
FB_HSBA,L34_HSA_PATH5_2,RNG_NATHSA_S1_CPRI,52,3
FB_HSBA,L34_HSA_PATH5_2,RNG_NATHSA_S1_CVID,40,12
FB_HSBA,L34_HSA_PATH5_2,RNG_NATHSA_S1_EGS_CVID_ACT,39,1
FB_HSBA,L34_HSA_PATH5_2,RNG_NATHSA_S1_CPRI_ACT,38,1
FB_HSBA,L34_HSA_PATH5_2,RNG_NATHSA_S1_CVID_ACT,37,1
FB_HSBA,L34_HSA_PATH5_2,RNG_NATHSA_S1_CTAG_ACT,36,1
FB_HSBA,L34_HSA_PATH5_2,RNG_NATHSA_S1_VID2C_ACT,35,1
FB_HSBA,L34_HSA_PATH5_2,RNG_NATHSA_HSA_MIB_IDX,30,5
FB_HSBA,L34_HSA_PATH5_2,RNG_NATHSA_HSA_MIB_ACT,29,1
FB_HSBA,L34_HSA_PATH5_2,RNG_NATHSA_HSA_DMAC_IDX,17,12
FB_HSBA,L34_HSA_PATH5_2,RNG_NATHSA_HSA_DMAC_T,16,1
FB_HSBA,L34_HSA_PATH5_2,RNG_NATHSA_HSA_STREAM_IDX,9,7
FB_HSBA,L34_HSA_PATH5_2,RNG_NATHSA_HSA_STREAM_ACT,8,1
FB_HSBA,L34_HSA_PATH5_2,RNG_NATHSA_HSA_UC_LUT_LUP,7,1
FB_HSBA,L34_HSA_PATH5_2,RNG_NATHSA_HSA_I_IF_IDX,3,4
FB_HSBA,L34_HSA_PATH5_2,RNG_NATHSA_HSA_HIT_DUAL,2,1
FB_HSBA,L34_HSA_PATH5_2,RNG_NATHSA_HSA_ACT_DROP,1,1
FB_HSBA,L34_HSA_PATH5_2,RNG_NATHSA_HSA_ACT_TRAP,0,1
FB_HSBA,L34_HSA_PATH5_2,RNG_NATHSA_HSA_ACT,0,2
FB_HSBA,L34_HSA_TRAP_DROP,RNG_NATHSA_HSA_HID,13,15
FB_HSBA,L34_HSA_TRAP_DROP,RNG_NATHSA_HSA_HID_VLD,12,1
FB_HSBA,L34_HSA_TRAP_DROP,RNG_NATHSA_HSA_PRI,9,3
FB_HSBA,L34_HSA_TRAP_DROP,RNG_NATHSA_HSA_PRI_EN,8,1
FB_HSBA,L34_HSA_TRAP_DROP,RNG_NATHSA_HSA_RSN,2,6
FB_HSBA,L34_HSA_TRAP_DROP,RNG_NATHSA_HSA_ACT_DROP,1,1
FB_HSBA,L34_HSA_TRAP_DROP,RNG_NATHSA_HSA_ACT_TRAP,0,1
FB_HSBA,L34_HSA_TRAP_DROP,RNG_NATHSA_HSA_ACT,0,2
FB_HSBA,L34_HSA_TRAP_DROP_2,RNG_NATHSA_HSA_HID,13,15
FB_HSBA,L34_HSA_TRAP_DROP_2,RNG_NATHSA_HSA_HID_VLD,12,1
FB_HSBA,L34_HSA_TRAP_DROP_2,RNG_NATHSA_HSA_PRI,9,3
FB_HSBA,L34_HSA_TRAP_DROP_2,RNG_NATHSA_HSA_PRI_EN,8,1
FB_HSBA,L34_HSA_TRAP_DROP_2,RNG_NATHSA_HSA_RSN,2,6
FB_HSBA,L34_HSA_TRAP_DROP_2,RNG_NATHSA_HSA_ACT_DROP,1,1
FB_HSBA,L34_HSA_TRAP_DROP_2,RNG_NATHSA_HSA_ACT_TRAP,0,1
FB_HSBA,L34_HSA_TRAP_DROP_2,RNG_NATHSA_HSA_ACT,0,2
FB_HSBA,L34_HSB,RNG_NATHSB_OUT_DPORT,386,16
FB_HSBA,L34_HSB,RNG_NATHSB_OUT_SPORT,370,16
FB_HSBA,L34_HSB,RNG_NATHSB_OUT_L4_PTC,369,1
FB_HSBA,L34_HSB,RNG_NATHSB_OUT_L4_TYPE,368,1
FB_HSBA,L34_HSB,RNG_NATHSB_OUT_IPMF,367,1
FB_HSBA,L34_HSB,RNG_NATHSB_OUT_TOS,359,8
FB_HSBA,L34_HSB,RNG_NATHSB_L2_LEN_DIFF,349,10
FB_HSBA,L34_HSB,RNG_NATHSB_GRE_SEQ,317,32
FB_HSBA,L34_HSB,RNG_NATHSB_L2TP_ID,317,16
FB_HSBA,L34_HSB,RNG_NATHSB_L2TP_SESSION,301,16
FB_HSBA,L34_HSB,RNG_NATHSB_L2TP,300,1
FB_HSBA,L34_HSB,RNG_NATHSB_GRE,299,1
FB_HSBA,L34_HSB,RNG_NATHSB_UDP_NOCS,298,1
FB_HSBA,L34_HSB,RNG_NATHSB_TCP_ACK,297,1
FB_HSBA,L34_HSB,RNG_NATHSB_TCP_SYN,296,1
FB_HSBA,L34_HSB,RNG_NATHSB_TCP_RST,295,1
FB_HSBA,L34_HSB,RNG_NATHSB_TCP_FIN,294,1
FB_HSBA,L34_HSB,RNG_NATHSB_TCP_FLAG,294,4
FB_HSBA,L34_HSB,RNG_NATHSB_DPORT,278,16
FB_HSBA,L34_HSB,RNG_NATHSB_SPORT,262,16
FB_HSBA,L34_HSB,RNG_NATHSB_L4_CSOK,261,1
FB_HSBA,L34_HSB,RNG_NATHSB_L4_PTC,260,1
FB_HSBA,L34_HSB,RNG_NATHSB_L4_TYPE,259,1
FB_HSBA,L34_HSB,RNG_NATHSB_DIP_HSH,227,32
FB_HSBA,L34_HSB,RNG_NATHSB_SIP_HSH,195,32
FB_HSBA,L34_HSB,RNG_NATHSB_DIP_V4,163,32
FB_HSBA,L34_HSB,RNG_NATHSB_SIP_V4,131,32
FB_HSBA,L34_HSB,RNG_NATHSB_IPV6_OUT,130,1
FB_HSBA,L34_HSB,RNG_NATHSB_L3_CSOK,129,1
FB_HSBA,L34_HSB,RNG_NATHSB_IPMF,128,1
FB_HSBA,L34_HSB,RNG_NATHSB_IP_OPTION,127,1
FB_HSBA,L34_HSB,RNG_NATHSB_TTL_ST,126,1
FB_HSBA,L34_HSB,RNG_NATHSB_TOS,118,8
FB_HSBA,L34_HSB,RNG_NATHSB_IPV4_6,117,1
FB_HSBA,L34_HSB,RNG_NATHSB_IP,116,1
FB_HSBA,L34_HSB,RNG_NATHSB_DUAL_FAIL,115,1
FB_HSBA,L34_HSB,RNG_NATHSB_DUAL_HDR,114,1
FB_HSBA,L34_HSB,RNG_NATHSB_L2_LEN,100,14
FB_HSBA,L34_HSB,RNG_NATHSB_SA_IDX,88,12
FB_HSBA,L34_HSB,RNG_NATHSB_DA_IDX,76,12
FB_HSBA,L34_HSB,RNG_NATHSB_PPPOE_ID,60,16
FB_HSBA,L34_HSB,RNG_NATHSB_SVLAN_ID,48,12
FB_HSBA,L34_HSB,RNG_NATHSB_CVLAN_ID,36,12
FB_HSBA,L34_HSB,RNG_NATHSB_PPPOE_IF,35,1
FB_HSBA,L34_HSB,RNG_NATHSB_STAG_IF,34,1
FB_HSBA,L34_HSB,RNG_NATHSB_CTAG_IF,33,1
FB_HSBA,L34_HSB,RNG_NATHSB_ETH_TYPE,17,16
FB_HSBA,L34_HSB,RNG_NATHSB_STM_IDX,10,7
FB_HSBA,L34_HSB,RNG_NATHSB_SPA_EXT,7,3
FB_HSBA,L34_HSB,RNG_NATHSB_SPA,3,4
FB_HSBA,L34_HSB,RNG_NATHSB_GMAC_HIT,2,1
FB_HSBA,L34_HSB,RNG_NATHSB_PKT_TYPE,0,2
FB_HSBA,L34_HSB_2,RNG_NATHSB_OUT_DPORT,391,16
FB_HSBA,L34_HSB_2,RNG_NATHSB_OUT_SPORT,375,16
FB_HSBA,L34_HSB_2,RNG_NATHSB_OUT_L4_CSOK,374,1
FB_HSBA,L34_HSB_2,RNG_NATHSB_OUT_L4_PTC,373,1
FB_HSBA,L34_HSB_2,RNG_NATHSB_OUT_L4_TYPE,372,1
FB_HSBA,L34_HSB_2,RNG_NATHSB_OUT_L3_CSOK,371,1
FB_HSBA,L34_HSB_2,RNG_NATHSB_OUT_IPMF,370,1
FB_HSBA,L34_HSB_2,RNG_NATHSB_OUT_IP_OPTION,369,1
FB_HSBA,L34_HSB_2,RNG_NATHSB_OUT_TTL_ST,368,1
FB_HSBA,L34_HSB_2,RNG_NATHSB_OUT_TOS,360,8
FB_HSBA,L34_HSB_2,RNG_NATHSB_L2_LEN_DIFF,350,10
FB_HSBA,L34_HSB_2,RNG_NATHSB_GRE_SEQ,318,32
FB_HSBA,L34_HSB_2,RNG_NATHSB_L2TP_ID,318,16
FB_HSBA,L34_HSB_2,RNG_NATHSB_L2TP_SESSION,302,16
FB_HSBA,L34_HSB_2,RNG_NATHSB_L2TP,301,1
FB_HSBA,L34_HSB_2,RNG_NATHSB_GRE,300,1
FB_HSBA,L34_HSB_2,RNG_NATHSB_UDP_NOCS,299,1
FB_HSBA,L34_HSB_2,RNG_NATHSB_TCP_ACK,298,1
FB_HSBA,L34_HSB_2,RNG_NATHSB_TCP_SYN,297,1
FB_HSBA,L34_HSB_2,RNG_NATHSB_TCP_RST,296,1
FB_HSBA,L34_HSB_2,RNG_NATHSB_TCP_FIN,295,1
FB_HSBA,L34_HSB_2,RNG_NATHSB_TCP_FLAG,295,4
FB_HSBA,L34_HSB_2,RNG_NATHSB_DPORT,279,16
FB_HSBA,L34_HSB_2,RNG_NATHSB_SPORT,263,16
FB_HSBA,L34_HSB_2,RNG_NATHSB_L4_CSOK,262,1
FB_HSBA,L34_HSB_2,RNG_NATHSB_L4_PTC,261,1
FB_HSBA,L34_HSB_2,RNG_NATHSB_L4_TYPE,260,1
FB_HSBA,L34_HSB_2,RNG_NATHSB_DIP_HSH,228,32
FB_HSBA,L34_HSB_2,RNG_NATHSB_SIP_HSH,196,32
FB_HSBA,L34_HSB_2,RNG_NATHSB_DIP_V4,164,32
FB_HSBA,L34_HSB_2,RNG_NATHSB_SIP_V4,132,32
FB_HSBA,L34_HSB_2,RNG_NATHSB_IPV6_OUT,131,1
FB_HSBA,L34_HSB_2,RNG_NATHSB_L3_CSOK,130,1
FB_HSBA,L34_HSB_2,RNG_NATHSB_IPMF,129,1
FB_HSBA,L34_HSB_2,RNG_NATHSB_IP_OPTION,128,1
FB_HSBA,L34_HSB_2,RNG_NATHSB_TTL_ST,127,1
FB_HSBA,L34_HSB_2,RNG_NATHSB_TOS,119,8
FB_HSBA,L34_HSB_2,RNG_NATHSB_IPV4_6,118,1
FB_HSBA,L34_HSB_2,RNG_NATHSB_IP,117,1
FB_HSBA,L34_HSB_2,RNG_NATHSB_DUAL_FAIL,116,1
FB_HSBA,L34_HSB_2,RNG_NATHSB_DUAL_HDR,115,1
FB_HSBA,L34_HSB_2,RNG_NATHSB_L2_LEN,101,14
FB_HSBA,L34_HSB_2,RNG_NATHSB_SA_IDX,89,12
FB_HSBA,L34_HSB_2,RNG_NATHSB_DA_IDX,77,12
FB_HSBA,L34_HSB_2,RNG_NATHSB_PPPOE_ID,61,16
FB_HSBA,L34_HSB_2,RNG_NATHSB_SVLAN_ID,49,12
FB_HSBA,L34_HSB_2,RNG_NATHSB_CVLAN_ID,37,12
FB_HSBA,L34_HSB_2,RNG_NATHSB_PPPOE_IF,36,1
FB_HSBA,L34_HSB_2,RNG_NATHSB_STAG_IF,35,1
FB_HSBA,L34_HSB_2,RNG_NATHSB_CPRI,32,3
FB_HSBA,L34_HSB_2,RNG_NATHSB_CTAG_IF,31,1
FB_HSBA,L34_HSB_2,RNG_NATHSB_ETH_TYPE,15,16
FB_HSBA,L34_HSB_2,RNG_NATHSB_STM_IDX,8,7
FB_HSBA,L34_HSB_2,RNG_NATHSB_SPA_EXT,5,3
FB_HSBA,L34_HSB_2,RNG_NATHSB_SPA,1,4
FB_HSBA,L34_HSB_2,RNG_NATHSB_GMAC_HIT,0,1
